seq	pool_id	min_hamming	fc	log2fc
ACTGGTTAGTAA	0	4	0.9578008949281617	-0.06306177546986819
GAGGATAATTCC	0	4	1.0053876504525938	0.006725724311253133
AACAGCAAAGCC	0	4	0.969955314491773	-0.04448045926810413
TGGGATATCAAC	0	4	0.8742282794587929	-0.19486188458645604
GCCTGGAGCACA	0	4	1.0361181831052302	0.050014035272287274
GCCTACACCGTA	0	4	1.0632313652440202	0.0878103988134059
TTAGGACGAGGT	0	4	1.0146751787221704	0.019764135892210627
GGAATTAGCGAA	0	4	1.0139095932332765	0.01881403115591187
TAGGTATTTCAA	0	4	0.8895203122982298	-0.17007930168879296
AAAGCAAGTGGT	0	4	0.9328791386452066	-0.10149862683581226
GAGCGGATGTTA	0	4	0.9865889259163123	-0.021093718613127727
GCGGATGTCACA	0	4	1.0219321933803807	0.03012802476891372
CATTAGCCTCTA	0	5	0.9749910075779067	-0.03817050189798092
AAAATGGTCTAT	0	4	0.9206132712492545	-0.1204516348154845
TGGCTTATCCAT	0	4	0.9154686575386114	-0.12818955157398404
CCATGAATTGAT	0	4	0.9993359680691928	-0.002020904253418495
AATCCATTGGGT	0	4	0.9130481497803623	-0.13330792133757927
AGGTACTGACTC	0	4	0.9374054857362024	-0.0979328292437232
GATATAAGAAGC	0	4	0.9707410550880663	-0.04414454132916509
AACGCATGATGA	0	4	0.9617955869047214	-0.05681542489170968
GAAAACCCTAGA	0	4	1.0441798675180194	0.061302267096214114
AGGATCGTGGGA	0	4	0.9789141808570653	-0.032185135716271865
TAATCGCCAGAC	0	4	1.0361549020205891	0.04971002622166738
GGTTACACGTAT	0	4	0.8443756637893666	-0.24718314501538377
CTGCAATCAAGA	0	4	0.9142835150026597	-0.13027670033204775
GATGTCGTGGAT	0	4	0.9559314269140046	-0.06613298783076768
ATATATACCTTA	0	4	0.8758286707976255	-0.1917802638484457
AAAGCGTCCAGA	0	4	0.9717145369432468	-0.04343057316362527
AAACACGGGAAA	0	4	0.9394421175022772	-0.09089872996279802
GGAGACAGATGC	0	4	1.0123176621055483	0.016964994466916135
ATTGAGTCGGAT	0	4	1.03391917782744	0.04721358016264677
AAAATCGCGTCA	0	4	0.9623610800844187	-0.05710255471888784
GCCAGAAGCAGC	0	4	1.0878973882821683	0.12050728644342275
GAAAGTTTATGA	0	4	0.9907902335596931	-0.013764435479032062
CACACTCCTGGT	0	4	0.996975625254974	-0.005548049071604874
CACCAACAACGC	0	4	1.0185655189966203	0.02568874685079879
ACGAGTTAGCGC	0	4	0.9975823267373745	-0.004711540655224028
GTAGCTATGGTA	0	5	0.886133110692289	-0.17651685518917334
CAGCTTGGGAGC	0	4	1.0212368854230682	0.02981510752760737
AATATCGCGAAC	0	4	0.9151652445164234	-0.12942390678631707
TTAGTTACGCCA	0	4	1.0489603051958718	0.06801812895050163
AAACAAGAAGTA	0	4	0.8691352397027726	-0.20402199773676272
GCGATGACAGAT	0	4	1.0437017560230093	0.0613686340164579
AGCACTATGTGC	0	4	0.9369623552390156	-0.09597665530610619
CTCTTGAGTAGA	0	4	1.0612095805153696	0.08424078424750453
AGCATCAGTTCC	0	4	0.9943788720421486	-0.009081748389180834
TCAAAGTGCGTT	0	4	0.9547293846709219	-0.07048914475996056
TATAGAGGACAC	0	4	0.8070890957266754	-0.31145758732240436
ACAGCACACTTA	0	4	0.9519634769836265	-0.07172071118780947
TTAACTGCGTGA	0	4	0.9625488540664211	-0.05867881176432488
ATTTGACAACTC	1	4	0.9692834585605377	-0.04645406051407375
AGCCTACTGGTT	1	4	1.0103195543784742	0.01324455339486319
CTAGATAGAGGT	1	4	0.9963827752537875	-0.0069082339322588185
ATACTGATGCGT	1	4	0.9592029807780583	-0.061824151423281744
AATCCCTAAGAT	1	4	1.0246426517833227	0.03379055351780217
TGGAAAGCGTGA	1	4	0.9951796126554389	-0.009837189171802208
CAGTCCAGGATC	1	4	1.0593330926990219	0.0823330969621329
ATGTTTAGGTGC	1	4	0.9426060576423365	-0.08783774125642843
GTGGCCACTTGC	1	4	1.0894006809819625	0.12257245086893345
ACTGGATCTTCA	1	4	0.9052828375212895	-0.14531635876311022
GTCGTGGCCTTA	1	4	1.0608456112745996	0.08276101889145253
GTTAGGAACACA	1	4	0.9532688721221594	-0.07081492739658192
AGGTGCCCCAAC	1	4	1.1039192539346476	0.14097154281123103
TTGAAGATTCAC	1	4	0.8627733426636381	-0.21521899433118197
ATCGAGAGACGC	1	4	0.9758324685791506	-0.03942644009412572
CTGGTACGCCAC	1	4	0.9562628325331318	-0.06551001594357311
CACATACCTAAA	1	4	0.9390399732121009	-0.09199277763689778
GCACAGACACAT	1	4	0.9910544855058504	-0.013946380210191345
CTCTTACTCCAT	1	4	0.9773028488577176	-0.03352471594463474
AATCTGTCATTA	1	4	0.8933160310484471	-0.16322165476390965
AGAGTGGATGAT	1	4	0.9857903895476993	-0.022274331750826305
CCGCAATAGCGT	1	4	0.9537219634942241	-0.07029372000778172
ATTTTCTGATAC	1	4	0.9954663461815191	-0.007124411913993975
TTTAGTATTAGA	1	4	0.952990122666751	-0.07037650345407631
GGAGACCGTACC	1	4	0.9980612020793121	-0.004785484806103815
AGACGTATCGCA	1	4	0.9456336021220247	-0.08210044816122374
TTTCTTCGAGAA	1	4	0.9665345279224944	-0.0498911997892987
ACCAAACGCGTA	1	4	0.9511383368619367	-0.0733005453879637
AGACCACTCTCA	1	4	1.0974665574832805	0.1317393691767133
ACATTGTGGGAT	1	4	1.0088539697971581	0.01222112415898833
GGCCAAACGACA	1	4	1.0409044624508044	0.05651974417823509
CTCCGAAATCGC	1	4	0.9899080301149327	-0.016790170354231814
CTGAGCACAGCC	1	4	1.0069142985301043	0.008156990818857932
CCGACTCACCTT	1	4	1.0663242848055463	0.09180686914323376
CACAAGATGGCC	1	4	0.976690080689408	-0.034848214233766925
CCTGCCTGAGCA	1	4	1.0243094277598783	0.03277751830972965
CTGAAGAGTTTA	1	4	0.8730815876291149	-0.19825146797400092
GTGTCAAAGTGA	1	4	0.9321415474773493	-0.10290912983782599
GTGCTGGCCACC	1	4	1.0888234510460915	0.12190278628401999
GTCCAAGTCGTA	1	4	1.057574532070508	0.07923703629083745
TTACCTTGGCTA	1	4	0.9057847614071034	-0.14357248217017482
TCACGTCCAGCC	1	4	0.9516195091059021	-0.07408858734928209
GCGGAACTAGCC	1	4	1.0328644832151181	0.045567159849670774
ACGTATACGTAA	1	4	0.8105852362105003	-0.30628517753738527
AGCGGGAAGTCA	1	4	0.9923178557993192	-0.011994823612729168
CTTACGCTTAGC	1	4	1.106416506679945	0.1444053641803691
CTAAGCGTCTAC	1	4	1.022273024986284	0.03100786284426314
ACTGCTCGAGTT	1	4	0.8931230671213689	-0.17235732565777034
AAGCAACTGGAT	1	4	0.8941656940948266	-0.16354528290888726
GAAACAGAGGTT	1	4	0.963676713441883	-0.05519203103220358
GACATTAAGTTT	2	4	0.9513061351065778	-0.0730262498524287
ATCTGCTGGCAC	2	4	0.8692577927412504	-0.20558008646596537
CTGAGGGACGCC	2	4	1.050992536376862	0.07082262908539641
GGACACCTCATA	2	4	0.8659931106431601	-0.20978618553175563
GATAAACACCGT	2	4	0.9321558510189609	-0.10314537014955455
CAGCGTCTGACA	2	4	1.0076854843582344	0.009568206768966234
CGCGTACGCATC	2	4	0.9883362269702697	-0.017723694228466143
AATTGTACTCGA	2	4	0.9420329542732252	-0.08812143066890246
TATATCCATAAA	2	4	0.8668146255112801	-0.20743328781489045
GTGTAACGACTC	2	4	0.9387834491909085	-0.09258704722243691
ACCTGTGTGGCC	2	4	1.0496311228780384	0.06851650523456823
ATGAAAGCTGAC	2	4	0.9688401258075368	-0.046113905689314866
ATGGGAAAGTGC	2	4	0.9383387365010175	-0.09277249411321434
GGACGCAGCCAT	2	4	1.0355003053193046	0.04929154999032154
GCTGGACGCCAC	2	4	1.083532650860559	0.11449602710801593
TTAGTACCCAAA	2	4	0.9938561521025332	-0.01085665503757488
CCATCACAGACA	2	4	0.9660102300822514	-0.052024062465891766
AGGACTAAATCC	2	4	0.9041758278737768	-0.14733989677662412
CTAACCACTCTA	2	4	0.9663780099975973	-0.05025071246347984
GCTTAGACGGAC	2	4	0.8927902659957709	-0.16644142688479724
CCTGCGAGCGTC	2	4	1.1639205510353396	0.2169508852040073
AATTGGCTGATC	2	4	0.9968189498799152	-0.004675313421372485
ACCGGAACAGCC	2	4	1.0171533901685377	0.023505680346489068
CGCAACAGACCA	2	4	1.0231561307135504	0.03133829895083489
CCGATGAAGCCA	2	4	0.9937557178570144	-0.010108806617989838
ATTCTCTGGAAT	2	4	1.0057144189069567	0.007863875885626065
ATGGTTGGGTCA	2	4	1.0266962316317096	0.0367313813591715
TCATTGGCTAAA	2	4	0.9620088956430304	-0.0575857552721208
GCCGTGGGTATA	2	4	1.0095372339729287	0.012697382342076832
TTGGTTAGCCTC	2	4	1.0202240723190763	0.026290585817231822
TATGGTGTGACA	2	4	0.9972656933800534	-0.004753373591764306
ATTAGCGAGAAA	2	4	1.0531564074124011	0.07412932665708659
TAGGAAACCACC	2	4	1.0631666893743494	0.08783251410063309
CACGAACTCGCC	2	4	1.0027565808851915	0.002861563310239637
GTAGACCACAGC	2	4	1.0369240664694435	0.051864500782683835
GAATCCATGAAT	2	4	0.9777262294347987	-0.03319874861078159
GGCAGGGTAAGA	2	4	1.1490146395688277	0.1994219670176087
GCTATTTTGGTA	2	4	0.9245815039101208	-0.11496893164302405
AACTCAAAGCTT	2	4	0.9980505824932142	-0.004253686949524521
AGGTAATGGGAT	2	4	0.9966827060533555	-0.006101030069801221
CGTCAAGTACCA	2	4	0.9371454995867515	-0.094474202903678
GCCATATATCTC	2	4	0.9660661834249963	-0.05003110732234429
TTGAATAAGCAT	2	4	0.8930505238107762	-0.16381538296499015
GTTTGAAACAGC	2	4	1.0276211124990584	0.03864595833648623
CCATGAGCTGCC	2	4	1.0986719669448637	0.13480386059058097
AGGATGAGTAGA	2	4	1.0460627472360595	0.0637201686396647
AGAAAGCTGGAC	2	4	0.9233235910028369	-0.11845236984167534
ACCTTAGGTGCA	2	4	0.9563836683478495	-0.06493996211862534
CAGACAATCAGC	2	4	0.9709548539142352	-0.04454084704812846
GGAACCTTGATT	2	4	0.995073659105063	-0.007799891262031142
CCAACTCGCAGC	3	4	1.0480394966157123	0.06495028817764296
GTGAACCTCATC	3	4	0.9782616427019991	-0.03355697222187616
CCGCTACGGACA	3	4	0.9855339941007074	-0.023842136228424723
CAACGGATACGC	3	4	1.0340117592048943	0.047331480262291746
GATATATGCCAT	3	4	0.906069876490758	-0.14458712636164806
CTACGTCACAGA	3	4	0.896510821545437	-0.15852089979815726
CGTACCTAAAAC	3	4	0.9617403795146584	-0.0582547717468217
ACGCTGGGAGAA	3	4	1.08042538590263	0.10885456931214504
AATTGCGCTAAA	3	4	0.9411952526957841	-0.0885052126940016
CTACAACCATAA	3	4	0.8965221828410931	-0.15835018104403714
ACGGCGGGAAAC	3	4	1.0456036684172938	0.06327195837985065
GACATGCGAGCC	3	4	0.923897313035564	-0.12022880133331804
GACACACAAAGC	3	4	1.0132583175414305	0.017980438739021387
ACAGCTGGACTC	3	4	0.968820942999744	-0.04697212790357562
GAGTGCGTGCGC	3	4	1.0828816367459293	0.11329669948568655
AGGAACAACGAT	3	4	0.9036142509708804	-0.14923920665663964
GCTCGTACTACC	3	4	1.041866174606383	0.0575042622469398
CCTGCGCCTAGA	3	4	1.1600330012108844	0.21188122764802483
TAGTAGCATAAA	3	4	0.863505739519045	-0.21310880531494847
CCACTTCATTTA	3	4	1.0087431665236832	0.010707276201540116
GAGATCGTCACA	3	4	0.99552854971037	-0.008272589801319247
GCCAGGACTCAA	3	4	1.0997553674315346	0.13594001040469725
AAGTGGATAAAA	3	4	0.929045866297916	-0.10688243242082462
AGGTTAAGAGGT	3	4	0.9883903125970893	-0.018863432892897724
GATCCTAAGGAC	3	4	0.879184228066355	-0.18907263208630032
TATTGTAAACGT	3	4	0.9183562362549044	-0.1255171333754631
TCCATGGATGAT	3	4	0.9418875936551021	-0.08872778973280238
CAGACTGTATGA	3	4	0.7967047778637911	-0.3404098602375733
AGGACCACGGAA	3	4	0.9549491577704635	-0.06851980824720608
AAAACGACTAAT	3	4	0.9474614483801697	-0.07871976537210607
AGAGGACAGATT	3	4	0.9892507996476076	-0.016530654761451158
ATGGGAAGCGGT	3	4	1.0027144877832723	0.002327516848482758
GCGAGACCTGCA	3	4	1.1083709985633026	0.1459638400991493
CCGCAGGAGAAC	3	4	1.120326513318676	0.16188671005103814
AACAACGAGCTA	3	4	0.9003658075277935	-0.15503553902536837
CGCGAAAAGATT	3	4	1.010231551454957	0.013137693880985304
GCTCGTAGGATT	3	4	1.0702509367488495	0.09663326747237233
GCGGAGGAGTAA	3	4	1.0404706646875295	0.05623630011902355
TTAATTTCCGTA	3	4	1.0033951141567397	0.0035779184532099204
TGGCCTGAAGCC	3	4	0.9422957949036305	-0.08815721236419599
GCTCTATATTCA	3	4	0.9626843902037703	-0.05659283024482775
CACCACTAAGAA	3	4	0.9787268958884955	-0.031350588752390815
TATGAGTCGTAC	3	4	1.0175184355080051	0.02359579396128322
AACGGGGCAAGA	3	4	1.1163335595762538	0.15674178684887183
AATCGAGATGGA	3	4	0.9216362807528118	-0.12155300206584838
GCCAGGGAGTGA	3	4	1.1607872141335662	0.2136980940577508
CAGGAAGTGAAC	3	4	0.9874491097318766	-0.019817729121175028
ACGTCTACTGCC	3	4	0.916724267589672	-0.12940470485710154
CTGGATCTGATC	3	4	0.984477180572964	-0.023414757341386913
GTCCAGGCATAA	3	4	1.0679686589166784	0.09376097029609162
GCAACAACCTGC	4	4	1.0012405658400572	0.0007414126538313772
GGAGACGTGGGA	4	4	0.9424217546910203	-0.08717543781742693
CATTGCATCACA	4	4	0.9608063879214025	-0.05873544953354025
AGAGACACGATC	4	4	0.952271545582587	-0.07188462876706955
TATAGCGTAAGA	4	4	1.0187540545448723	0.025739119112590653
GAAGGAGGTAAA	4	4	0.9256179154847206	-0.11317695324490924
ATAAGGAAGTAA	4	4	0.8240323485473702	-0.2806667816289616
TTTGTGACTGCA	4	4	1.0091286070435879	0.011742324738962903
GCGATGATGATC	4	4	0.930184049846074	-0.1055759348633067
GCTTAGGTAAAC	4	4	0.982446643869386	-0.026229884461067207
GATTCAACTGAA	4	4	1.0217356482667834	0.030071406553086873
CGTAGACATAAT	4	4	1.0231164646586821	0.032353634614538794
ATCCAATGTTTT	4	4	0.9278126807697669	-0.11151517840380792
ACGTTGTCCATT	4	4	1.085001560014537	0.1170923350227281
CCACTATTCTAA	4	4	0.8665762185311101	-0.2074133286699881
ACGTGATGTGCC	4	4	1.0211747055697389	0.02447681676732746
GTTACCTGGTAT	4	4	0.8818521023216033	-0.18417600840637552
ACATTAAGTGAC	4	4	0.8972313104848877	-0.1579677860129176
TCATTGATGAAT	4	4	0.9466600455638626	-0.08044538808597601
GTCAATTTGAAT	4	4	0.9452538112223221	-0.08209595705479386
AGCCGTCTAGAC	4	4	0.9398157512881393	-0.091692055460972
CTAAGACGTCAT	4	4	0.9714808807093198	-0.04295220993572477
TTGAAAAGTGAT	4	4	0.8638610684336144	-0.21281217785337497
AAAACCACCTTA	4	4	0.962158552758037	-0.05666614004998309
TATCGCACAGAT	4	4	1.0343304688853696	0.04783193808032
ATCCAGCGAACC	4	4	1.1161781044881962	0.15755612574077796
CTTCTAACGGCC	4	4	1.0164266532388888	0.022982148630055294
TTGTCATTTCCA	4	4	0.8548005710671834	-0.22735635751270855
CACTCGAAAGTT	4	4	1.0283234733937845	0.03909179058209461
ACCGCAAGGGGA	4	4	1.077857020871511	0.10720333618141105
AGATCATTGTCC	4	4	0.9480605633333493	-0.07884146056815215
AGACCAATCGAC	4	4	0.9797885617489184	-0.03177244389664661
CTCTACAAGGAT	4	4	0.9151687159708539	-0.12896543950220535
AGCGGAGACGTC	4	4	0.9575278681194526	-0.06394605942831744
GACCTACGTGGA	4	4	0.95719780822255	-0.06385471505812254
TCCTGAAAGTGA	4	4	1.0249664621123262	0.033637815787185395
GGTAAAACAAGA	4	4	0.9919985100332717	-0.012469298517981654
CAGCGAACACCA	4	4	1.0101833592995761	0.013698306138084024
CAGAGCTAGTAA	4	4	0.9240865861301935	-0.11518958299017114
ACGTCCATTAGC	4	4	1.0244936623251355	0.0344098579666442
GACAGATTCACA	4	4	0.9502118585867237	-0.0752768613633307
CCGAACCATGAT	4	4	0.9968437211900221	-0.0051846553664016415
CACTGGCACACA	4	4	0.9486345943370028	-0.07793544490192497
AGATCTCTAAAC	4	4	1.0031008928188065	0.0034046592553862026
TATATAATGTTT	4	4	0.8174262551052486	-0.2942122979712148
ATATCGAGGAGC	4	4	0.9895164317464368	-0.01655229963525071
GTCAAGTTATGA	4	4	0.9628825746646777	-0.05510613407020579
TTACTCAGAAAA	4	4	0.9213618665947494	-0.11852611870459331
CTATGATTATAT	4	4	0.892546317939697	-0.1650084247329692
ACGTTGACATTA	4	4	0.9629905043091058	-0.054718448828735625
ATCGCAAAAGGT	5	4	1.0100396485639178	0.013576515639386541
ACAGTGTGCGCC	5	4	0.9810796308095079	-0.02961428308883437
CAGTTAGATAGC	5	4	1.0144073566262102	0.020022778389170673
CGCACTGAGTAA	5	4	1.0323389002558936	0.0448321440867436
ACGCCTGAACAC	5	4	0.9786953748047209	-0.032485925833683434
CATATGGTACTC	5	4	0.960018273933567	-0.05987058058607971
GAAAGCTCGTTT	5	4	1.0460111823554628	0.06442296641018735
GCGTACTTTTGA	5	5	0.9638489909359794	-0.053748309127716005
GTTAGATAGCTA	5	4	0.9953767677611366	-0.008696121791207267
AAACGATACGCC	5	4	1.0112184510878286	0.014577671778929498
GTGAATCTGTTA	5	4	0.9605293210864023	-0.058806417561529
ACACGCAGAAGA	5	4	1.0202389386550197	0.027261172890624366
TTGGTTCACCAT	5	4	0.9575470114642641	-0.06397930393338004
ATCTTGAGGGAC	5	4	0.9255360776642378	-0.11222277214415229
CGTTAGAACGCC	5	4	0.9291495056940337	-0.10680362144043162
ACCAACAGTAGC	5	4	1.0374953766357446	0.05155259235889315
CGCAAGTCTGGT	5	4	1.0961024872547196	0.13128551304143393
GTTGTAACCTGA	5	4	1.0251066326919849	0.034875041277508644
GTTTGAATTGCA	5	4	1.044887730188793	0.061821070075623624
CAAGAGAAGTCC	5	4	0.983991648780542	-0.02343791263732437
ACCTATACCATT	5	4	1.0211348763632238	0.029885430679323994
AGGACAAAGGGT	5	4	0.9537328293833828	-0.06909765057422886
AATACGCCAAGA	5	4	0.8912691399328063	-0.16692085869426534
GCCAATCGGGAC	5	4	0.9742741357216762	-0.039645416384146405
TCAAAGTTTAGC	5	4	0.9523569604750781	-0.07312599762420308
CTACGAGAGGAT	5	4	1.006239302016225	0.007405645567622675
ATGATCCAGAGC	5	4	0.872132538437841	-0.19915620668785394
CTTGTAGCTAGC	5	4	0.9962985758354992	-0.006593921448901384
GGCCATCACCGT	5	4	1.015549270356704	0.020498073570165032
CTTGTACTGTAA	5	4	0.9180319943664673	-0.12451171927120976
AAATTAGCCAAT	5	4	0.9493440408438273	-0.07597689060825286
CAGAGAGGCATA	5	4	0.9449362637242175	-0.08315697387390646
TGGGGAGTAGAT	5	4	1.0198264119155245	0.02784532469566965
AAACAGCTACTC	5	4	0.99693333338114	-0.004841261943250304
GGTTACTCCTCC	5	4	1.1432968675896062	0.18980598752368827
AAGAATGTTTCA	5	4	0.9765559914013903	-0.036293649550498935
TTATCCACTAAA	5	4	0.7462537067329381	-0.4251291845145889
TCCTGTAAAGAT	5	4	0.9913250863505606	-0.012803155430496878
CCGTTAGCGGAC	5	4	0.8457904536746392	-0.2477504591103205
AGGAAGCTACCA	5	4	0.982533504848639	-0.026666731921665774
GCCAATAAGTAA	5	4	0.8934994452634691	-0.16400184906492216
ATCCATTAGGTT	5	4	0.9865409206310308	-0.020187974831276427
AATGTGTACTCC	5	4	0.7583072400435916	-0.40741169094360297
CTCCCAGGGATC	5	4	1.0679708631424318	0.09405304543026087
ATAGGTATAGCC	5	4	1.0747939324184852	0.10324379290230781
TGGCTGATCAGC	5	4	0.9414893428465101	-0.0879799152259127
GGTCCTACTGTC	5	4	0.9519473146322633	-0.07343245271827162
GATCTTGAAAGC	5	4	0.9963191572568277	-0.006522832536309561
GACCAGAGAGAC	5	4	1.0079523322944541	0.010281772772170426
CCACGTATCTAC	5	4	0.8918365354437187	-0.16611234939935793
ATACTGGAGAAA	6	4	1.0290800177292465	0.03936404611165416
TCCTCCATTGAA	6	4	1.0694855099370708	0.09336929284163516
CAACTCCAGGAA	6	4	0.9865505520995139	-0.021080587498717232
ATTTCCTCGATC	6	4	1.0117105834240658	0.0153322292762675
CGTAAAGAGATA	6	4	0.9459455747092114	-0.0809551130234177
GCATCATTGCAC	6	4	0.9693033175662283	-0.045901933442900424
CCGAAAATCGAT	6	4	1.0059983455494272	0.007435791789853277
AGATGGACCATC	6	4	1.0109395215752817	0.01393905241985735
ATGAAGTGGGTA	6	4	0.9074241665310646	-0.14234484505074663
ATGCTGCAACTC	6	4	0.9214317076134221	-0.12024286048135112
TGGGGAAGGTTA	6	4	1.0060080626634884	0.007814938522084345
CAGAGAAGGTTC	6	4	0.9775437338353972	-0.03355635109239416
CTGGCGAACAGC	6	4	0.9646881273811574	-0.052561044318378616
GACCACAAGTCC	6	4	1.0272910320478972	0.03839628075679611
ATGCTGATGACC	6	4	0.9096932867560195	-0.137883504952579
CAGTGACTCAAT	6	4	0.9510143244211298	-0.07291127121534328
AAGCACCATCAT	6	4	0.8719509584372074	-0.19903373740951827
GTTCAACTTGAT	6	4	0.9703665299060151	-0.04457764849165735
GACATACGACAA	6	4	0.9796367813532739	-0.030406151855867675
ATGAAGCGCAGA	6	4	0.9725623321729019	-0.04311719655787098
AGCGAACTGAAT	6	4	1.0281445886236218	0.03885870868015003
AACTAGACGCGT	6	4	0.9367897614452894	-0.09587439480369932
GAGGAAAGTCTC	6	4	0.9743764170369953	-0.03877494761086506
TTTAGACATACC	6	4	1.0478276903757273	0.06548503969422034
CTCCAGTTCTTT	6	4	1.0225206018942297	0.03139353806543728
ACAAGGTACATT	6	4	0.8890057310040084	-0.1702430082236416
AATAACAGCTAT	6	4	0.8651250086389529	-0.20973399191907463
TAGCGCACCTAA	6	4	0.9317144530396547	-0.10289453318474909
GCGTCATCTTCC	6	4	1.0858146645253788	0.11605973444524309
CTCCTTATATAT	6	4	0.9557537173246291	-0.06621635394119475
GGACTCAGTGGA	6	4	0.9425076730358452	-0.08683749692938815
ATTGAATTTCAC	6	4	0.9287601269447995	-0.10761432297456135
GCCATCTGGCAT	6	4	0.9686064104157344	-0.0472828916496131
GACGGACGGGAC	6	4	0.9206430126636499	-0.12276892394226097
TTTAGCATAACC	6	4	1.0275921319649017	0.03746835881980038
AGGAACTAGCCA	6	4	0.9060622146900956	-0.14423507852969006
TCCTCATGATTA	6	4	0.9555864368512963	-0.06655044451337687
CGTTGGGTTAGA	6	4	1.1412650019953967	0.18804689838597355
TCACAACCACCA	6	4	0.9223971135686118	-0.11763683859369833
GTGCACAAGTTA	6	4	0.9141835334667596	-0.12983692264827074
GATATGGCTGTA	6	4	0.9997181068189469	-0.0011709272526715178
CCTGTAGCGTAT	6	4	0.9889910914979434	-0.01666105420560001
TCCTGATCTGTA	6	4	0.9942405693144731	-0.01047645304604794
GCTCTTCCAGTT	6	4	1.0616021744669792	0.08467772241015653
TAGAACCTGCTT	6	4	0.9675078376584676	-0.04849998338151776
AATAACCTTGAA	6	4	0.8903490928381936	-0.1681117585732223
CTGGCACATCGC	6	4	1.067005651591256	0.09231456660433295
TAGTCTTACTGA	6	4	0.910922245057013	-0.1368050046861832
ACAAGCTTGGCC	6	4	0.9813384764996795	-0.02786184699529443
CTACCAAGAGAC	6	4	0.9473351346267213	-0.07956756188802168
GTCATCACGTTA	7	4	0.9584592778312705	-0.06164661915662445
AGCATTAATCGA	7	4	1.056287299227449	0.07763409884917494
ATGAAAGTCTGC	7	4	0.8978693144827055	-0.16240549896329193
AAAGCGCTAAAA	7	4	0.9182751945964398	-0.12368652899572248
ACCGACTCATAA	7	4	1.0112086794055537	0.015440823251405347
CATCGTAGAAAC	7	4	0.9704869651052719	-0.04384726295124069
CGTGAAAATCTC	7	4	0.9446912200979325	-0.08338234055242356
GATTAAGATTCC	7	4	0.9777059226992968	-0.03280255498542297
AGAAAGGCTGTA	7	4	0.9998938586690354	-0.0008896980990722239
ATTCTTCTAAAC	7	4	0.9599965291004281	-0.059534941928629556
CTTAGACGGACA	7	4	0.9774737924735701	-0.03579319744874939
CGTAGGATCTGA	7	4	0.9504505478112063	-0.0750801909583073
CTAATCGTAAGA	7	4	1.0391046911822257	0.05448401562561612
GGCTGTAACTAT	7	4	0.8923208474953574	-0.16589567187236653
GCAGCGTCTATA	7	4	0.9611112112010214	-0.0585942396942158
GAGTACGTCTAC	7	4	1.0142552239702154	0.01897456213058744
AGCGTAGAAACC	7	4	0.985507280860504	-0.022554250832747494
TATCCAATCAAC	7	4	0.8355810512912359	-0.2601075978290307
CCAAAATCGTCC	7	4	1.107747188586096	0.14528223848869765
ACAAGTTTTGTA	7	4	0.9256929994688096	-0.11232149606110145
GCTGCAGCTCGA	7	4	1.0710793638832692	0.09803551929918938
CCTGCGTATCAC	7	4	1.071948487510045	0.0985873814368907
ATGGCGAGTTTT	7	4	1.0480395091560502	0.06646589382433413
GTTGACAGTTTT	7	4	1.0303515756356092	0.04164260369047702
GTGAAGCATCGA	7	4	0.9864831129836872	-0.021927412932563364
ACGGGATACGTT	7	4	0.9424223382429638	-0.08666432152136536
ACGTATCGCTAT	7	4	0.8335469458430033	-0.2659582710210452
GGAAACTGCAAC	7	4	0.9234473380865327	-0.11818361746266959
AACGAGTGGCTA	7	4	0.9653012314552092	-0.05198488437606517
GAGTGCACTATA	7	4	0.9341170961358529	-0.10005857447140257
TCCAAAGCACAC	7	4	1.0195538811998541	0.027023083246423312
ACGACAAACAGA	7	4	0.9893372393187476	-0.017037099548598146
CGTCATAAGGTA	7	4	0.9378592107749317	-0.09645903380082808
GGTGAATGACAT	7	4	0.9246177132040987	-0.11514229821136202
TATGCTGTGCGT	7	4	0.9100282969840524	-0.139858001963097
AAGGGCGAGGAA	7	4	1.0613852259182508	0.08495474110239984
GAGTTATATCGA	7	4	0.9470674139982485	-0.08128464531559351
GTGTTGTGTAGC	7	4	1.0106386054241003	0.01493423689100781
TTTATCGAACGC	7	4	0.9726801977978335	-0.04088816024608892
AAAGCCGTCTTC	7	4	1.0576770658721628	0.08035472467371281
GAGTCGAACCTC	7	4	1.0351702130830458	0.047922277551057914
AACAGCAGGGAT	7	4	1.0191485014270012	0.026875157159131226
TAACGTATTGTA	7	4	0.861943718029774	-0.2151451571566649
CTCCATCAGATA	7	4	0.9670037987907177	-0.04886257126079024
ACTCATGATTCC	7	4	0.9831822290012816	-0.025160407827754507
AGAGGAGGATCC	7	4	0.9408936878057086	-0.08873597746963068
GAATAGAGTTAT	7	4	0.9075620558906752	-0.14073769436037445
GAGCATATGAAA	7	4	0.9709492566961102	-0.04388902276567777
AAATTTTGTCAC	7	4	0.9456256577727626	-0.08254797410744236
TATCGGCTACCA	7	4	1.004159054407835	0.00494922603110973
TATATTTGAGAT	8	4	0.9594347540124407	-0.06075716546694177
CCGAGCTGCCTT	8	4	0.9576907735527427	-0.06547392803256516
GCCACATTGAGC	8	4	0.9779130979624556	-0.033547901402311064
ATGCGATCAGAC	8	4	0.9617640527211966	-0.056958674248812735
ATGTGAAATCAC	8	4	0.8986005455775192	-0.15566681300312135
TACTCGATGTCA	8	4	0.8709549366667647	-0.20497703597109804
GGATTGGGATAC	8	4	0.9418663327937294	-0.08725553657582745
ACATCCAAAGGT	8	4	1.043762859931043	0.06068738925098391
GCATCGTACACA	8	4	0.9255999586778124	-0.11314929561584525
AGCATATGTCAT	8	4	0.832493495272996	-0.2684540275575933
TGGCTGGGGCAT	8	4	0.9501338160779113	-0.07544517264585276
ACTCAATGAGGT	8	4	0.9994890678617356	-0.0018431737264050418
AAATAGGTTGAT	8	4	1.0011431797927046	0.0008073961717702388
CAGGATTCCATA	8	4	0.9872398993920141	-0.019288898837828743
TTGTAAGATGCA	8	4	0.8771721349442857	-0.19000540729885634
GGCATAATCGAC	8	4	0.9818718222772159	-0.028513745055581817
ATTTGGAGGAAA	8	4	1.0203577324859947	0.028128587963233483
CTCCGATTAGTC	8	4	0.9978715595767985	-0.004550210506521931
CAACGTCCACTA	8	4	0.9276876287000413	-0.10941485501587844
GCCCAACAGTCA	8	4	1.0959454059805296	0.1309030995680809
ATAATGTTTTGA	8	4	0.9646710508991315	-0.05268168588339351
AGAGAGCCACAA	8	4	0.9985130547105828	-0.0025714771376405335
GTGCGTAAATCC	8	4	0.9746957320587926	-0.037863046484805166
GAAGTGAAGATT	8	4	0.9246143302138748	-0.11446659721621882
GGAATGCTAGTA	8	4	0.9940966767874054	-0.009435634431411898
GGTTACGGTGAA	8	4	1.0375602943354436	0.05251278266644949
TATGCTAGTAAA	8	4	0.8697850899428643	-0.2053082002603387
GTCGGATAGCAT	8	4	0.9968232646410675	-0.0060169824431206
AGATGTTAATTC	8	4	0.9327916781764429	-0.10340042891386665
TGGAGAACGCAT	8	4	0.976528691713693	-0.03598508439227395
CACGTCATCAGA	8	4	0.988140611874108	-0.019017631813303786
CTGCTCTAAGGT	8	5	0.9881994334360574	-0.019974703195016
CTAGCCTGAAAC	8	4	0.9881540419587398	-0.01805571274078567
CCATGGCTGGGA	8	4	1.0275273595757117	0.037802721609765735
GCACCAAGTTTA	8	4	0.9392691604650162	-0.09147600457633465
CTTAGCGACAGC	8	4	1.0838562497086857	0.11474444405871684
CCGAACGCCAAC	8	4	1.0410222855129154	0.05656751062435651
CACTAGATATTC	8	4	0.9070367622116575	-0.14223796814410808
GGCCACTCTGTA	8	4	0.9655224242891093	-0.052061194714575605
CTAACGTACTAT	8	4	0.9378419278566451	-0.09405321211326725
TCCAATGTTGTA	8	4	0.9734879633278453	-0.03937174236958939
TTTGAAATAGAC	8	4	0.8638588164465802	-0.21170876842844832
TAGAATGTGTGC	8	4	1.0074434513839403	0.01008660999973402
GCGCAGAGGAGC	8	4	0.9966335530037722	-0.008588027926202887
TAGCTACTTGGT	8	4	0.9995577286342856	-0.0015781171046322096
CGTCAAAGATAT	8	4	0.926537157237589	-0.11092206929909457
ACCGACAAGATA	8	4	0.9922894664272238	-0.012244448022762089
GATCTCAATACC	8	4	0.9009507709687004	-0.15159510639336116
TTAGGAAACATT	8	4	0.9393873138250479	-0.09111341715897561
GAATAGACAACC	8	4	0.993064933978418	-0.010618980648362537
ACGTTGATGCAC	9	4	0.9790783124407753	-0.03091719582044891
ACTCTACCGTGC	9	4	1.0129019285649843	0.017170997772348207
GTGTTCCTGTGC	9	4	1.0858081378329028	0.11794375998954607
AGAGTTAGCCTT	9	4	1.0434541377126825	0.05985705172163442
AGGTAACGGTGA	9	4	1.053143381100995	0.0731122293101023
GACAAAGTGCGT	9	4	0.9829048559308173	-0.026096629860986167
TCAGTGACCAGA	9	4	1.0595189683826118	0.08164872695519461
ACGATGATCGTT	9	4	1.0156539783227374	0.02119352226452287
GCTGCGGCATGC	9	4	1.0964620089451802	0.1308407470456588
GAATCAGATCTC	9	4	0.9763966566354328	-0.035938861180576855
CTTCTGTTGGGA	9	4	0.9816223843778525	-0.027950389021151448
AGATCGCGAGAA	9	4	1.0755018607627604	0.10392946744788224
TAGACCCAAACC	9	4	0.8776739493744017	-0.1909695714473405
TCAGCGAGATAA	9	4	0.9787991965422175	-0.033047253245569286
AGCAGCAAGATC	9	4	0.9171646169443731	-0.12578470000944864
AAACAGTATTCA	9	4	0.9323431813419509	-0.10184878112132058
ACGACACCGTAT	9	4	0.9658584946748522	-0.050927276390698654
TGGGATCTATTC	9	4	0.9948506404113886	-0.008482699796420648
CTAACTGACTCA	9	4	0.9327018343706277	-0.10326492263929592
AATGGTAAATTC	9	4	0.7350504276462572	-0.456876523788256
GTAGATCATTAT	9	4	1.003163143021955	0.004070776586063009
CTAAGCAGTAGC	9	4	1.0663830511421517	0.09176370224305015
ACAGTGTGAAAA	9	4	0.964214935982608	-0.05299619997097155
TCAAGTTACTGC	9	4	0.9400475315951662	-0.0902410547902903
GTGTTTCAGTCA	9	4	1.0562677445008255	0.07775998286303078
CGTTAACCAGAC	9	4	0.975872397027735	-0.03564848848517405
GCACTTAGCGTC	9	4	1.0525611174811222	0.07234442762438902
TAGCCCAAACAC	9	4	0.9438130179556573	-0.08433044430353047
GCAGACTGCGTC	9	4	1.0207292581251208	0.025914639456893755
ATAGTGCTGCAC	9	4	1.0181079959096262	0.024561082700711546
ATATTTGAACAC	9	4	0.9920994964918146	-0.012664743544770202
GTCCTAGATGGT	9	4	1.0183303927040999	0.025421150232370567
AAGAAGACCCTT	9	4	0.9604048019526554	-0.061084884868541425
AGATCAGCGTGA	9	4	1.0404663856548166	0.0541108815543121
CAGCGGTGGGTC	9	4	1.112848759301606	0.1526969408222511
GACACATGATTC	9	4	1.0133043479898272	0.017638583861172785
ACTACCAGCACC	9	4	1.018694256163046	0.025875893208886773
CGCAGGGGTCAT	9	4	1.0660817969239804	0.09096059950176458
ATAAGACGTGTA	9	4	0.951145115795344	-0.07267518214669541
TTATGCTGCGCA	9	4	0.9244924082389694	-0.11661523412443217
CTCACAGTTCAA	9	4	0.972448852752511	-0.0410859426495026
CCAAAAAGAGCC	9	4	1.0227784137779472	0.030705283331680593
GTGATCGCTATA	9	4	0.9060811156001469	-0.14392509068582757
TCACCAAAGATA	9	4	0.9114111410325288	-0.13495813128394873
CTGCGTTTAGCA	9	4	0.9429370035657066	-0.08634341232124702
ACTCAAACATTT	9	4	0.9929692706115608	-0.011119680323896227
CTAATGCCGTGC	9	4	1.0681501138093987	0.09290559608267218
GTCCTATACTGC	9	4	0.992519977394056	-0.011249985740911288
GAAAAGGGGACA	9	4	1.0179371184347452	0.02474559670648619
AATGCTCGACAC	9	4	0.9005560066279169	-0.15542594896148895
TGGGAGCAGAAC	10	4	1.0340532936612055	0.04741345120640113
TAAGTCGGAGTA	10	4	0.9446149676020091	-0.0843605152420609
AAAATTTCTTGC	10	4	1.0115351046132224	0.01557322485125998
TAACTCATTAGA	10	4	0.9221821349735582	-0.11798042010463691
CTTGAAAAAGTT	10	4	0.9530383960791005	-0.07060137392347432
AGGAGAGAACAC	10	4	1.0496291674919755	0.06883659351631857
GCCACATAAGCA	10	4	0.9560584016074448	-0.06521763906777958
GGACCAGGGGAA	10	4	0.9563736768337772	-0.06567716861058256
ATAGCTAACACC	10	4	0.9492698428547267	-0.07808654118500014
ATCGGCTTGGGA	10	4	0.9514622635925827	-0.07293613756225198
ATGGGAACCACA	10	4	0.9646289926519439	-0.0528257870090651
CGTCTTGATGAC	10	5	1.0212543857964111	0.02968808447589561
CATCTACAGCAT	10	4	0.9331591703905819	-0.1003454102885658
TCACCGACATTT	10	4	1.1030947814639396	0.1409079515665559
GGACATCGATAC	10	4	0.9000397043168605	-0.15453100781679086
CAGCAGCTAGTT	10	4	1.0142629176914395	0.02000182139792809
GTGCACTCACAA	10	4	0.9329489891660535	-0.10121377800424959
CATACTGATTCC	10	4	0.970864493023245	-0.04392822604122173
ACTTGACGTGGT	10	4	1.0094986138130322	0.012638169941427597
AACAGTCTACTC	10	4	0.9760105092552844	-0.03547300093133915
TCCATTTGTAGC	10	4	1.0348511486263519	0.048824821217221995
CACACTTTCAAT	10	4	0.8916749288189273	-0.16638687031532637
TTGTAACTCAAA	10	4	0.8625074254280534	-0.21389911725651278
AGGAAAGTCCAT	10	4	1.0190504918746819	0.025696730741230474
CGTAGCCAAGGT	10	4	1.03302895322252	0.045584097055475364
ACGACAAGGAAC	10	4	0.9886898514477382	-0.01763506772247321
ATCTAGGACTCA	10	4	0.9666895773811393	-0.04956568709992454
CCTGAATTCAAT	10	4	0.9680466553878545	-0.047104856105994596
GTCCTGCAGCGC	10	4	1.0984165257971537	0.13468436452383645
CAAGCGTGTAGC	10	4	0.9598792299988208	-0.05958049356338316
TAGCAGGGACTA	10	4	0.9216946109660671	-0.1205728786521613
CGCGCACTACGT	10	5	1.014568182992725	0.019259632973407367
CGCTGTGCGGAC	10	4	0.9213624035707085	-0.12169708331241129
TCACGTAGATGC	10	4	0.9451162544705273	-0.08338828491089612
ATCGAGATCGCA	10	4	0.9809713371376376	-0.03007478856436121
TCATCTTCAGCA	10	4	0.9423728611492967	-0.08876687002487593
CACTATGATAAT	10	4	0.9816797899625155	-0.027557639447664657
ACCTTCATCACA	10	4	0.9524889340894745	-0.0712267209588481
CTGATCATAGTA	10	4	0.981417379804464	-0.027409205890916603
AGCCAGACCATA	10	4	0.9908608569192646	-0.01418838237352612
GGATTTTGAAGA	10	4	0.9852110011671861	-0.022680517429062644
GCGTGCTATGAT	10	4	0.9952710305484349	-0.008419405765813938
CATATCTGCACC	10	4	0.9068635037955258	-0.1433594840222126
TCCACAAAGTCC	10	4	0.9952308890326885	-0.007867700954831804
CTCTTCAGCATT	10	4	1.100777712191331	0.1376445858592823
CACCTGAAAACC	10	4	1.0380676833755624	0.05243935657876764
ATATATCAGACA	10	4	0.8968619286255135	-0.15851162757895185
CTGAACTCGCGC	10	4	1.0624825070702817	0.0860502047972263
TTTCACTCCTGC	10	4	1.0635851006805779	0.08707898033485846
GAGTGACGGATC	10	4	1.0674693637835477	0.09279325998025953
CGCTAAATGGGA	11	4	0.9188007739773634	-0.12334268143412583
ATCGGACCATTC	11	4	0.9826963370274262	-0.028453799179402425
CTATGCCTGGAT	11	4	1.0046575062268652	0.00528065800257687
AAGAGTAACGTA	11	4	0.8667354929674013	-0.2083540645303395
AGATCTTGTAAT	11	4	0.9543338665849157	-0.06934351249957242
AAAATCGACATC	11	4	0.9273855160298963	-0.10949115252696391
GTTAGCGGTGCA	11	4	1.0235363300710105	0.03285899342166744
TCACTCACAGTA	11	4	0.9565038151349955	-0.06499619561895058
TATGACAAGACC	11	4	0.92244176801639	-0.11791519450270828
CTCGTTTAGCGT	11	4	0.9743818850307425	-0.038602767095220536
CACTCTGGGAAC	11	4	1.0032932849079348	0.0036764712069360245
TGGAATAACGTC	11	4	0.9039824241424832	-0.1471564629948482
GTCAATTCACGT	11	4	0.8938509657360535	-0.164503110646896
GCTTATCGAGCC	11	4	0.959257430001532	-0.06575036461680017
TAGCCTAAAGGT	11	4	0.9660413910828227	-0.05095717318110364
GTCAACCGCTAC	11	4	0.9694033180287757	-0.04576722615299203
ACCAGAGATGAA	11	4	0.9609938628156559	-0.05859756830377232
CGTGCACCGACA	11	4	1.003409671272494	0.0036975074514653747
ATTAGATCTAAA	11	4	0.8881003752235063	-0.17190253499249664
ATTCACTGGTGA	11	4	1.0588962651768137	0.08168935370950256
CCGATGTCAGTC	11	4	1.0636439044982753	0.08795144281343277
GCCTTGGTATAT	11	4	1.0375792677510847	0.05201221113524087
GGCGAACCTCAA	11	4	1.0904604044254016	0.12436343086146233
CACTAACGTTAA	11	4	0.8992056639714878	-0.15383325586698926
GCTATAGCCGCA	11	4	1.0131024656494882	0.016914996153888973
GAAGCCTGGTGA	11	4	1.0194154283328156	0.02612379469914091
TCAGTAGTCATA	11	4	0.9184266484434159	-0.12359873874825958
ATTTGGTATATA	11	4	0.9062434577735832	-0.14339473247644244
GCAGTATTTGGT	11	4	0.9987563299355537	-0.002533607197863561
ATGCGCAGATAT	11	4	0.8820579372283947	-0.18170952822777317
GATAATTCTGCA	11	4	0.9654471006361952	-0.05125526335727666
ATGGTTTAATCC	11	4	0.9762151735936954	-0.036726933707134875
CATCTCACAAGC	11	4	1.060791064937369	0.08428892670685639
GGACCCTAAGAA	11	4	0.9367532643509311	-0.09494710155049926
GAGTGAGATGAA	11	4	0.9893830775456973	-0.01705785425557474
CGCGCCTTGGCC	11	4	1.0392307324626295	0.054661435274935236
TTGGCTTGGGTC	11	4	0.9684296053277005	-0.04695991592401725
GTGTGACTAAGA	11	4	0.9633395399325626	-0.05578232221270206
CCTGAGCATTGC	11	4	1.1676653237482044	0.22190702772226478
CCGATAATCTCC	11	4	0.9509048165146912	-0.07776178208675519
GGTAACGTACAC	11	4	0.9795858934767819	-0.030592160234336894
CTTCGGCATGAT	11	4	0.9986100702214721	-0.0027512871065631453
CTCGTGATAAAC	11	4	0.9769165344435179	-0.03448804459472689
GATACCCAGGAA	11	4	1.0426802827539867	0.05978324999242507
ACCAGTGAGAAC	11	4	1.0003334407436417	-0.0009023055726409893
ACCATGGTCTGC	11	4	0.9113777202979979	-0.14115459233180172
GACATCTTAGGT	11	4	1.0081726072758916	0.010763901013404499
ACCACCAGCCTT	11	4	1.0454846730467133	0.06295119123002552
ACAGCTAGTCAA	11	4	0.9552136679522504	-0.06674724943377103
ACAAGCACCAAA	11	4	0.9520316403566863	-0.07187152495455049
AAGTCCGGTGAC	12	4	1.0295034105719916	0.0413671899124551
ACTATCCATCTA	12	4	0.9135386567773723	-0.1309248913328491
TGGCCATAGGAT	12	4	0.9939810624611395	-0.009277074626643065
AAACACTTAAGA	12	4	0.8859473484169468	-0.1753890476082729
ATCTCCGAGTGC	12	4	0.9553045148053597	-0.07211064682634066
AAGTCTATGATA	12	4	0.8613298859747417	-0.21689121396191982
CTGTTAATCGTT	12	4	0.9202270068501575	-0.12115663427198363
TAGCACTTAGAC	12	4	0.9897702923179378	-0.01580283812297974
GACAATAGTGGA	12	4	0.9503212605412441	-0.0745816349242569
CTAAACATTTCC	12	4	1.0104775316977974	0.013497741216330225
ATAGCTAGATGC	12	4	1.001881550275601	7.539961139544499e-05
CCGTCCGGACCA	12	4	1.0155972995158684	0.020430454436194706
ACGTCTAAGTTC	12	4	0.9210395915007539	-0.12080838260227089
CAGCCTCAGAAT	12	4	1.0189612317110235	0.02646929751080241
AGAGGTTAGCAC	12	4	0.9599304980199095	-0.060836137990000635
TACTGATTCATC	12	4	0.8587950853241167	-0.22119433192967963
ATGACGTCATAA	12	4	0.9496521588939635	-0.07536737254444578
ATCTAATAGTAA	12	4	0.852058712183734	-0.23180683845752453
GTTCATTCATTT	12	4	1.012914169962501	0.017736863290121977
GAGTAATGTTTT	12	4	0.9714795239711019	-0.04515989647504587
GTCATTTAACCA	12	4	0.949161463908773	-0.07598332221370714
GGCTCGAGGTAA	12	4	1.0728534831647774	0.09660105465893104
CAACTACCGCCA	12	4	0.974094428337422	-0.03959620633813391
TGGGAGTGCACC	12	4	0.9473322029032181	-0.08071848278309393
GCGTAGCCCAAC	12	4	1.0896025727411827	0.12089813022128301
AAGTGGACCTGC	12	4	0.9828858499488032	-0.025966893989810638
CAGGACACTCCA	12	4	0.9070915709233309	-0.14170160143146607
ACCACTGCACGT	12	4	0.9933376462016434	-0.010543786691743325
TTATGCCCACAT	12	4	0.9732011000825236	-0.040971796701995356
ATTACTCAGATT	12	4	0.9973042984241308	-0.0041898410397980534
AGCTCAAATACC	12	4	1.0033012650968298	0.0014337421861611716
CATATCTCATAT	12	4	0.9585985251857618	-0.06153771344849409
AATTCCTGCCAC	12	4	0.9557876679908663	-0.06792811092068261
CCATTAACGTAA	12	4	0.9587405477812116	-0.06160838053760555
ACCGGCGGGAAA	12	4	1.0936673942928237	0.1282667014202882
AAGTTATGATTA	12	4	0.8789191349404195	-0.1863608272450714
AGCACTTCTTTT	12	5	0.9751851178422146	-0.03746912411147024
GTCCTGCATGAA	12	4	1.0019063023678185	0.0018489256220861339
AAAATTGGAAGA	12	4	0.9984977517235699	-0.0034262001071792628
CTTACGAGGATC	12	4	1.0281516606021164	0.03920621239055545
ATTTCAGTGAAT	12	4	1.0337829112869672	0.0467518253671683
TTAGATCGTCCA	12	4	1.0315483593763608	0.043519817708937134
TTTCTCCTCTAC	12	4	0.9908757193413181	-0.013648997406873649
GTGGCCAGAGAC	12	4	1.0132978586653816	0.01802837240283168
AATCTCATCCAT	12	4	0.8925041685036346	-0.16495569496042028
GGTTACGAGACA	12	4	1.0462279388763907	0.06424020104913655
GTTTGAGGGATA	12	4	1.051123405886307	0.07081273264212437
TATGCAGCGTGA	12	4	1.00252868890224	0.0006347599717309443
GTGCACTGATTC	12	4	1.0090941108137483	0.011926495179178043
CACCTAAGTTAT	12	4	0.9014393490418638	-0.1505444801899204
GTGGGATGATCC	13	4	0.9398067185746584	-0.09164847065344395
ATCCTGTCATAT	13	4	1.0041474220588595	0.0048295922479816775
CATCTCATCGTC	13	4	1.0246540275200595	0.03375984590817761
GTGACAATTCTA	13	4	0.9231685988664861	-0.11608229126636846
GATGGTGGGAAC	13	4	0.9609056949040843	-0.05886283141509906
AGAGTGGTATGC	13	4	1.0310536856047965	0.04352032501357647
TTTATGGCTAAT	13	4	0.928041728939262	-0.1096555350442719
TTAGGAACCGCC	13	4	1.062523543146439	0.08665876963126194
GAATTTGGTTAA	13	4	1.0030166906887472	0.004010672228475792
AAAATGTTAGCC	13	4	0.9443183777026728	-0.08383322701621132
GGAAGGACGTGC	13	4	1.001198625535281	-0.0019535477644713473
ACGCGTAAGGAT	13	4	1.0333488387735374	0.045906792483767334
ATCGAATCGAAC	13	4	0.8934690650372239	-0.16431368561631038
GAAGTCAAACAC	13	4	0.8930692481052644	-0.16380281237102404
ACTACGGATGAC	13	4	1.0309529851758201	0.04263979531545014
AGCTGACACTCA	13	4	0.9440235962458501	-0.08478371407414143
TAGTAAACGTCA	13	4	0.9457811264550339	-0.08181933892078501
CGTCTATGGTTC	13	4	0.993109486067372	-0.01088394792688034
ATATTAGCATAA	13	4	0.9260790204456214	-0.11154318590891886
GTCAACTAGACA	13	4	0.9042048446161333	-0.14658119836921785
ACGTGGCCCAGA	13	4	1.0448049088937716	0.06050149755540988
CTTGAATAGATC	13	4	0.9856496742627535	-0.02122012440557701
ACACTTCTGGAT	13	4	0.9284830141301379	-0.10805548677513307
GCTGGAGTGGAC	13	4	1.0203930720036742	0.026336533825113598
CTGTGTGTGTTT	13	4	0.9990198319982003	-0.002536552121141794
TCCACTAGACCA	13	4	1.0001448353883813	-0.0009599962680538303
GGCAAGTGAGAT	13	4	0.9164961822221278	-0.1297548099565172
AACTATGCCTAC	13	4	0.9302160393458366	-0.10528597173487993
ATCGTACGTTTA	13	4	0.9243487413288138	-0.11445296336331655
AACGAAGCTCAC	13	4	0.9714062613863114	-0.043657792568262146
ATCTATTTGTGC	13	4	0.8719933041995712	-0.19855885843700136
TATAGACGCAGC	13	4	0.9524956311114784	-0.07144890386493749
AACCTGGAGGAT	13	4	0.9664948014460478	-0.05112385296444698
GTTAAGGGACAA	13	4	0.8571715596669132	-0.22513567387127537
ATATCCTACATT	13	4	0.8793251461995122	-0.18633493477377794
ATTGTACCTGCC	13	4	1.0224792035438135	0.030734581973548378
AGCTAGCTTGGA	13	4	0.8069916282480374	-0.32328305307016836
AATACGAGTGCC	13	4	0.9158499999612033	-0.12768321142926398
CCTTAGCAGGGT	13	4	1.122484184233271	0.16392946914684095
CAAGTTGTCAAA	13	4	0.9526599676300077	-0.07060828185755677
CTACGTTGTCAC	13	4	0.9251231237243511	-0.11435444296626801
GGATACACAGTC	13	4	0.9448926750795223	-0.0823518436951308
GAAGAGCGTGGT	13	4	1.0377192168503695	0.05262691733330733
TATAGTATGAAT	13	4	0.9469048543225568	-0.07951886476119455
GATGTCAGTCAA	13	4	0.9521760214713347	-0.07148204455509108
ATGATACTCGAC	13	4	0.924568184698043	-0.11408424329290992
CTAGGTACCTGA	13	4	1.119380819030311	0.16195970984322816
AAAGGCACAAGC	13	4	0.9828145378706008	-0.02659002082272518
GGTCTAAGTAAA	13	4	0.935600255424682	-0.0967588156132896
CTCAAGTCTCCA	13	4	0.96164731175671	-0.058518222552827154
AGGTTATAGTCA	14	4	1.0340935555346824	0.04750047635491518
AGCGAGGAGCAC	14	4	1.0741128850799635	0.09680529909481286
CCTGTGCACTCA	14	4	1.092115205134725	0.1259977483468532
GATATTGTAGAA	14	4	1.024615128394023	0.033637642591845485
CACTGTTGTGAA	14	4	1.0156563838672685	0.020662403068717812
GCACTGTGTAGA	14	4	1.0207673741680623	0.027953377035235875
GGTCTGAACTCA	14	4	1.0821053848449806	0.11136999643958118
GAAGTCGGATAT	14	4	0.9573196073831989	-0.06365893326021865
GATGCAATAAGA	14	4	0.9364082718873127	-0.09564694249167369
GCCTAAATGACC	14	4	0.9682094979292221	-0.047368497239221145
CTCAGAGATGTC	14	4	1.011983927712266	0.01641136125290013
AGAACAACATTC	14	4	0.970877934710557	-0.04349957069440061
GGCTATACCGAC	14	4	1.0660499570380766	0.09083331664312469
CCGCAGATAACC	14	4	1.1184553543930251	0.1593164586945587
CGCAACGATGCA	14	4	0.9869307536353907	-0.020073619905237948
CACTATTCAGCA	14	4	0.9625466573899494	-0.05715779704255774
CCAATCGTGCGC	14	4	1.0662750778016243	0.09138313482173635
AACCTGCAAGTA	14	4	0.9185081092058819	-0.12418513381878946
GGCCTTGAGCTA	14	5	0.9975863257187508	-0.007545430227746199
CGTTAACGCACC	14	4	0.9916105441609887	-0.012909432634371255
GCGATATGGTAC	14	4	0.9898167698157648	-0.015178826624318263
TCACGCCATATA	14	4	0.9903599776317578	-0.015509502691330113
GAAGTGGATTCC	14	4	1.007459336018314	0.010346531108142931
ATAATCTGCTGC	14	4	0.9557831068831701	-0.0677396485516823
ACACTCGCGCAT	14	4	0.9870382430040331	-0.019762734494469705
CGCTGCACCACC	14	4	1.106363845686492	0.14520914296727705
ACGGAGACCGAC	14	4	1.0365384197699563	0.04933053387781335
CTCACGTCGTGA	14	4	1.1288107143654957	0.17313950559455288
TCAATAACACAA	14	4	0.8813040392027058	-0.18284781690545546
ATATCGCATCGC	14	4	1.062513604901293	0.08569937761257242
TGGAGCAGCAAT	14	4	0.9092933764986878	-0.14004192635992174
CTATCTAGAAAA	14	4	0.9728935834489706	-0.04042038800494911
TCAGATTTGGCC	14	4	1.0000788585355616	-0.0003341055737940968
GAGCTACTCTAT	14	4	0.9284793445916617	-0.11045002289083347
AAGGTACATTGA	14	4	0.9770725479536229	-0.037362146824258945
GACTACGACACC	14	4	1.010385016062932	0.013858332408941715
AAGGTTATGAAT	14	4	0.8987604047195025	-0.15482038614392307
CTGTTGGGTGTA	14	4	0.9691558084366333	-0.046973758023445125
TATCGAAGCCTC	14	4	0.9998661725988685	-0.003294914424224811
TCCTGATTGGGT	14	4	1.057051986845295	0.07819577797773576
CTGCACCTGTAA	14	4	0.9437022092021777	-0.08458306590806569
AAAAACTCACGT	14	4	0.8233257928660811	-0.2825754463797506
CAACAACAGTTA	14	4	0.8724109873269624	-0.1979792567527301
TAGCAAGAGACA	14	4	0.9751360007001834	-0.03741458152608224
CGTACACAGCAC	14	4	0.9289274973642212	-0.10704102006492675
CCTTAAGTGGAA	14	4	1.0420597268872986	0.05748106198665496
TTGTGGCCACTA	14	4	0.9507433840375215	-0.07333885600770293
CATCGTGTACGT	14	4	0.9414401137092975	-0.08822937937862668
CCACATTCTTCA	14	4	0.9734365475710955	-0.0398800473502147
TCAAGGAGACGT	14	4	0.9120674918168784	-0.13504540446979157
CTATATGAAAGC	15	4	0.9946679449216798	-0.008603765480559205
TAGTAAGCAGTC	15	4	0.9818541380619498	-0.027308656920269847
TAGCAGAGCTAT	15	4	0.988872965831233	-0.017084771283346505
GGATAACACGTA	15	4	0.9364174262894696	-0.09521352466242816
CACCTCAAGCAC	15	4	0.9861335151233264	-0.02097072678909616
CGCACACATATA	15	4	0.9217153762997572	-0.1199206338004753
TCAGATGAGTTA	15	4	0.9810973980239319	-0.029566742361169022
AACTCCACAGTA	15	4	0.8837167394471441	-0.18032019051937526
CCTGCTCTTGCA	15	4	0.9755488621542867	-0.04033766186954672
GGTACTAGCACA	15	4	0.9435117290251577	-0.08472032906820559
ATCAACACCGAC	15	4	0.9505706414598333	-0.07431543758084799
AATCCTCATGGT	15	4	0.9717003437111108	-0.04282827802497015
CCTTAGATGATT	15	4	1.0270703194077928	0.03569191860093925
ACATCGCTGCCA	15	4	1.020498588285262	0.02829963692358023
CCATCTGTAGCC	15	4	0.9501037948866581	-0.07537561864477614
CAGATCTTCATT	15	4	0.9357329346799472	-0.09595609983930381
GAATTGCGTGCA	15	4	0.9815960290186235	-0.02780523599066853
AAAAACAAGGTT	15	4	0.8674570067764942	-0.20579183914335364
AGAGATGGTTTT	15	4	1.0378648407012585	0.052980568304266486
ATAGAGTGCATC	15	4	0.9222531586909811	-0.1214718440645372
AAACGTAATAGA	15	4	0.8017192673312223	-0.3210718140142019
GCTGATGTTGTC	15	4	1.050789493284355	0.07095355847805278
AAGGTACTCATT	15	4	0.9548725159210071	-0.07013716109462172
AGCCCAAGGATA	15	4	0.979981597363106	-0.030211003171619528
CTAGTTATCGAT	15	4	0.9948897341262949	-0.008473841719210139
GCCACGTCAAGA	15	4	1.030685544359991	0.04205090439256845
CGTACGCTAGCA	15	4	0.9940196809697771	-0.009839989371798146
ATTCAGAATAGC	15	4	0.9896251755701354	-0.015335468230306359
CATATACGCTAA	15	4	0.8946963135589666	-0.16193377028368794
ATGACCACCTCC	15	4	1.0284310951878446	0.03928927780505876
ACTGCAGAAGAA	15	4	0.9059048528771944	-0.1441143653316993
CGCAACTTCGTC	15	4	0.9947979323129071	-0.00813787728908949
CCGATATAGTGA	15	4	0.9688745927022631	-0.04630284410581729
ACTCATACCGAT	15	4	0.9926710321121998	-0.011835036283898759
AGCGAAGGCTAT	15	4	0.9733954722029405	-0.04085575828101397
ACGATGTAGCAT	15	4	0.964123373355545	-0.05360863077480409
CTGGGGACGCAT	15	4	1.0574226088062972	0.07790117087336293
GTAGACAAGCGT	15	4	0.9971177510605037	-0.0048332602775149475
TAACTCGTGATT	15	4	1.0084499300777368	0.01116821329777204
ACCATCGTACAC	15	4	0.9474621806590512	-0.07944154805924973
AAAACCAATCGA	15	4	1.025811948020031	0.035142515843757466
GCTGTAGAACTC	15	4	1.0446654489370422	0.06136452599372942
GGAACTCTTGGT	15	4	0.9977235460992797	-0.00589610039053233
TGGGGACGCGCC	15	4	1.0423480094712214	0.0587953981884727
TCACGGATCTGA	15	4	1.0161063784576498	0.021961028763869364
GCTAGCTACGAC	15	4	1.0282411953740682	0.039064628344275695
GACCAGTTCACC	15	4	1.035080356662107	0.04877990174005224
TGGCGAGGCACA	15	4	1.0476132287719293	0.06487277190947326
TGGCTATATGCA	15	4	0.9147470533935548	-0.12941210050707785
ATGAAGTCAAGC	15	4	0.9178211296902841	-0.12625009659461933
GGATGGCTCGAC	16	4	1.0628567460272058	0.08697315399804637
ACGAGGATGGAA	16	4	0.9373553982261696	-0.09607064025810844
ACACATTGGCCA	16	4	0.9392614617979397	-0.09074492982387544
CGTTATATAGAT	16	4	0.9867499893110736	-0.019809713070952653
CCTAAAAGTGGA	16	4	0.9407044314258942	-0.08962021295092537
CTGGACAACTGA	16	4	0.9221098478260743	-0.12027836024413968
CCGCAAGGATTT	16	4	1.0219035894777024	0.029839956581731553
TTAGATCTGAAT	16	4	1.0365820986372332	0.050944391493746466
GCCCAAAACATT	16	4	0.969164772297759	-0.04596214402733665
CTATGTCATAAT	16	4	0.9590008271674272	-0.062480033434884605
CAAGTTACGATC	16	4	1.0000956036936104	-0.0009075173998904298
AGCCGCAGAGCA	16	4	1.0363642233728618	0.05007149517590913
TAGGAGGAAGAA	16	4	0.834168422812604	-0.2653915015905734
CAACACCACTAT	16	4	0.9699512859882422	-0.044817261056821794
ACCTACTGGACC	16	4	0.9133582630220831	-0.1334783948629142
AACAGACAGTAC	16	4	0.9191905804373538	-0.12332397911617513
ATACCGGTGGCC	16	4	1.1000835841044867	0.13576433645431077
CCTCCGTTCACC	16	4	1.0853215009182033	0.11670221308915428
CGCCATACTACC	16	4	1.0372464778518897	0.051623865850592046
GCCAATCTCACC	16	4	1.0996588564514136	0.13593600220519295
CTGCCAAACATT	16	4	0.9753675346752498	-0.036491504766683405
TTGTGTTTCAGA	16	4	0.8516208627281513	-0.23262189068253714
CGTGCAATGTGA	16	4	0.9505822725903011	-0.07465788297121712
ACTTGCAAGTGC	16	4	1.005495762425316	0.007069797400805322
GAAGAATGCGAA	16	4	0.8543540585871925	-0.2323086608554503
CCAGAGATCAGC	16	4	1.0189373391029355	0.025641962742451622
TAGTAATCGAAT	16	4	0.9285528215374915	-0.1079319428888459
ATAGCAGACAAT	16	4	0.9655546309793891	-0.05196457065086095
CGCATCGCGAAA	16	4	1.0088404721257724	0.012081300853208757
GTGATTCCAGTC	16	4	1.098632719639269	0.13522357502714305
AGCAGAGCATAA	16	4	0.9939979523516455	-0.009481139538610421
GACATGGTGCAC	16	4	0.9142762789621732	-0.13016145730374373
GACCATCACGTA	16	4	0.9836474990442765	-0.02478234159924355
TACCGTGCTAGA	16	4	0.911783578438582	-0.13489195156679695
GACGTGGGACGC	16	4	1.0416577988572737	0.057872410694522224
TTAGAATCGGGA	16	4	0.9840818305497095	-0.02396658241251127
AAGCAACGACAA	16	4	0.9130106206176682	-0.13283472198373117
ACAGTAACCGAT	16	4	0.9930931276708485	-0.011278544947875876
CCTGAGTGGGAC	16	4	1.0628038668022295	0.08600224491714935
CCATTCAAACGC	16	4	1.0402343985894784	0.05571064300066962
TAATCGGAGGAT	16	4	1.0275505653167962	0.037184727099052385
CCGAAGCGTAGC	16	4	0.9166457858732261	-0.12790655016168848
GATGCCAGGACA	16	4	0.9310741020571266	-0.10403346367351207
CTACATTAGGAA	16	4	0.9361741353348952	-0.09576475196529732
CTACCATCTTCC	16	4	1.0478577672639713	0.06549955101541277
GGAATCCATTAT	16	4	0.9788453154622899	-0.031663567722601316
CCTCCAGTCTGA	16	4	1.0770040604149762	0.10566238722831375
AGATCTGGGACA	16	4	1.0180365631984871	0.02460408662416376
CTCCATACGCTT	16	4	1.013523505570151	0.018897280878919242
ACGTACCGATGC	16	4	1.0231132863674826	0.03180232533010988
ACTTCGACGTGA	17	4	1.0264596503412922	0.031232981563538823
TAACGGAGGAAA	17	4	1.00308772321802	0.0037153877207098777
CCAAGTTTCAAA	17	4	0.9388792310881708	-0.09193600117367742
CTTTTGAGCACC	17	4	1.0553106773099525	0.07679084790411199
GTGGGTATCAGC	17	4	1.0655246586910467	0.09027256403511326
ACAGCCTACAAC	17	4	0.9474096075615602	-0.07866327647160354
GATGCGGAGACC	17	4	1.005682430358091	0.005776990430678676
GATAAGTCAAAC	17	4	0.9914153699644148	-0.014354430697620282
CTATCAACAACC	17	4	0.9135796634196245	-0.1313676985488861
CTGACAACGTTA	17	4	0.9344864651711496	-0.09845051733011545
TTGAGGGTGTGA	17	4	0.8243941208289447	-0.28201370598937325
GCACAGCGTCTA	17	4	1.0371754801967779	0.05157093689553188
ACACAAATTTCA	17	4	0.9565677782798142	-0.06526240363181322
TCCTCCGATTTT	17	5	1.1705722858581098	0.22351135378765868
CTTCGTGCAAGA	17	4	1.0372243567061723	0.051545531734591636
CAGACCTGCGAC	17	4	0.9919321245589139	-0.015744966319974952
CCGACAACTGTC	17	4	0.9725463042169503	-0.042411153146992696
ATAAGCGAACCA	17	4	1.003122418340513	0.003333004383618464
TAACCACGGTGC	17	4	0.9984986315473597	-0.003466285000851624
CTATCTTACGAC	17	4	0.9865243875210765	-0.02072811510135192
GCAGATAAGAAT	17	4	1.0282722955809254	0.03872534982791683
AATCTGAGCTAA	17	4	0.84593981833254	-0.24198956652803033
TCAACTACCACA	17	4	0.9756005068980977	-0.03651605800192437
GGTTGATCAGCA	17	4	0.9856957864648839	-0.024055153646410945
TAATTGAACACA	17	4	0.9089483161605136	-0.13939527154694778
ACGGCTCGTACC	17	4	1.0145684860707866	0.017399560145486347
AATAACGCAGTC	17	4	0.933479159334112	-0.09987934907057032
CGCAATAGCCAC	17	4	1.0127153476210113	0.016783399842580943
CTTGATACTATA	17	4	0.9054244872075438	-0.14437846595855194
GCCTGAAATGAC	17	4	0.8212217304544723	-0.2937175860047144
CCACTGCACAAA	17	4	0.9446410284639533	-0.08341461570556291
CACTATTTTAGC	17	4	1.0039942843073988	0.004098573566863873
CGCATAATGCCA	17	4	0.9705996497003124	-0.04390873240528748
ATTTCACATAAA	17	4	0.9216693214165994	-0.11927705829332964
CTGCCAGGCTAA	17	4	0.9406750864456606	-0.09147638465843103
GCTGGACCTATA	17	4	1.0722539438243797	0.09915292388770253
TTTCAGACGTGA	17	4	1.0011868439305351	-0.004587368550195052
AGCGGTATGCGT	17	4	1.0090591171107746	0.012069480766972805
TTGTGCTATACC	17	4	0.9680750182663433	-0.04790908630429641
TAACCCAGGGCC	17	4	1.1128945380792246	0.1525645644593262
AAATTCGTACTC	17	4	0.9654497281990538	-0.05158934566393866
ACTCTCCTTAGC	17	4	1.138656256207113	0.18606403018311843
CACTCTACCGCC	17	4	1.0896147475761035	0.12336394130814016
ATGTGCACTCCA	17	4	0.9232169576718599	-0.11648719987627784
GATTCAACCATT	17	4	1.0350233004849174	0.048849806665319864
AGAGATGACCTC	17	4	0.9991452893204372	-0.0018805685506834355
ACTGAGCACAAA	17	4	0.9541341158092161	-0.06861594594713805
AAATAGCGAGTT	17	4	0.9585573172324351	-0.062132612991359526
CTGTACTGAGCA	17	4	0.9111735357297259	-0.1353227037973369
TAGACAGAACTC	17	4	0.9493912305339021	-0.0767053017920296
TAATTCTGAAAC	18	4	0.94435767432698	-0.08354645864626535
GGAACTACCCTT	18	4	0.9952407571066544	-0.009114991228367161
GGTCTGAAAGTT	18	4	1.0152636893058904	0.01962388305830738
GAAGTACCTGAT	18	4	0.9828974850590854	-0.02556550442447382
CAGAGGTGTAAA	18	4	0.9200888811842717	-0.12148820231667085
CTGAGTGCACTC	18	4	1.0767397055090502	0.10590405393109083
CATCAGCTGCGT	18	4	0.9312820908496411	-0.10444221244030052
AATCCGTAGATC	18	4	1.0055502735003496	0.006945152305111793
CACACTTAGACA	18	4	0.8927989982329911	-0.16488147829138655
GACTGTGTGGGA	18	4	0.9616679089511039	-0.05809187453655863
TAAGTCCATCTA	18	4	0.9440117658666356	-0.0840927133461159
CGCTGGAGGCTA	18	4	1.0204473888400964	0.028015236795572898
GAGTGCCACGTT	18	4	1.080619422109453	0.11036916742274588
GATAGCATGTTC	18	4	0.986884813362999	-0.020775466603193626
CCGAAGTGAGGT	18	4	0.918232096789988	-0.12492843134782815
GCATGATGTCCA	18	4	0.9928128416541353	-0.011022689685301096
GGTCCGTTATGC	18	4	1.0096067818419872	0.011391003608676849
GAGCAAGACGTC	18	4	0.9809482191347842	-0.030009656401123318
ACTCTTGTGACA	18	4	0.9802594045025811	-0.029584271751576626
GTTAAGACCGAT	18	4	1.0315600383151544	0.043395475332577566
GAGACCAAAGAT	18	4	1.0003160260897013	-0.00021338480147454347
TTTGACAGACAT	18	4	0.9212330136245499	-0.11898956625433049
GCGCAGCACCAT	18	4	0.9620177988887001	-0.05992043027275619
CGTTACAGGAGC	18	4	0.9548505022244663	-0.0676798377269689
CAGATCTGACCA	18	4	0.9857567573525445	-0.02203869076951104
AGGCATGTTGTC	18	4	1.0740342008049106	0.10228895934598135
TGGAAGACCAGA	18	4	0.9128781307657068	-0.13627374389869598
TGGGTACGTCGA	18	4	1.026212867466192	0.03595288645251108
ATATGGTCCTAC	18	4	0.9947721464164511	-0.009308070945887731
AGATACCTTAGC	18	4	1.0806309806871206	0.11078213911924402
ATTGAAAATTCC	18	4	0.9422657718687562	-0.08620132977346973
ATTCTGCCTGGA	18	4	1.0013409210477344	0.0009354544346376996
ATCAGCGAGTTT	18	4	1.0299796567525323	0.041038288180153065
GATGAGTTGGGT	18	4	1.0279553967630595	0.03907114019535504
TAAGACGCATGC	18	4	0.9896437957682739	-0.01582136671099793
CCTCAAAATCCA	18	4	0.9269512206903281	-0.1112617933480766
AGCAATCGTCCA	18	4	1.0027442234929007	0.0027763068416966283
CATTCACACATA	18	4	0.9497520559296605	-0.0752191150238855
GCCCAAAGATCC	18	4	1.0388068212356225	0.05428631451030056
TCACATTGAAAA	18	4	0.9206429580351365	-0.12008231073160357
ATACCATGAGTA	18	4	0.9112070212337215	-0.1348305972807529
AATGTGGCTTAT	18	4	0.7282339752750315	-0.46558401694261387
CACAAGGACGTT	18	4	1.0201639285215596	0.027382428017544667
CTTGTAGAAGCC	18	4	0.9290468823889294	-0.10776892301518023
TTGAGGATATTC	18	4	0.8673456225382365	-0.2078809002966542
GTTCCACAGTAC	18	4	0.9508768525381577	-0.07407987489371208
GAAGATTTTCAC	18	4	0.9395386986241617	-0.09104958260768328
GTGCGAGAGAAA	18	4	1.126291149563561	0.1705943487729124
ACGGAGTAGGGT	18	4	0.994479390620576	-0.01031354376480971
ACCGCTATTAGA	18	4	0.9936580765353096	-0.011019776617081319
AAAAGATTAAGC	19	4	0.8909360843052357	-0.16921302446510034
GTAGCTACACGT	19	4	0.8509623737430285	-0.23722416684908615
AAAAATGAGTCC	19	4	1.0128129566757047	0.01612028359153115
CTCCATTGTGTA	19	4	0.940707486338147	-0.08911824630066578
CCGTATTTCCGT	19	4	0.8765331661410491	-0.19079971294900921
GCGGAGAGATAC	19	4	1.0389821418045153	0.05458405222828884
ATTCTGAGATCC	19	4	0.9918272369000102	-0.012299613800272148
ACTCCAGGGCAT	19	4	0.9646942425089612	-0.05334817265485946
CTATAACTAGTC	19	4	1.00014292346202	-0.0013306434604550693
CGCGAAACTGTA	19	4	1.0301051539756394	0.042062090639021894
AGCAAAATCGGT	19	4	0.9645113155988301	-0.052784706661159586
CACATTCTGTCC	19	4	1.0294547745788933	0.040747188260052795
ATCAGTACTCGC	19	4	0.961060117958166	-0.05942686918454064
TTGAGATATCGA	19	4	0.9303147067051938	-0.10576151029559663
TTATTGTAAACC	19	4	0.9609302955694662	-0.05950945378684329
ACTCAACACATC	19	4	0.9701425005826956	-0.04465113199118116
CGCGCATCTGAT	19	4	1.0572321571539869	0.07867576754648954
AGATAATATCCA	19	4	0.9099037130840231	-0.1367464944105483
GATAACACGATA	19	4	0.9866060626809439	-0.02030221057054103
GTCCAAAGCGGT	19	4	1.0490043627678145	0.06747646126332074
AAGCAGCTTAGC	19	4	1.1026945862759965	0.13953303377710236
GCACATATAAGC	19	4	1.0096535675400853	0.012710338292750692
ACCACTTAGGAT	19	4	1.0110043314735726	0.015189879373605343
ATGGTGGGTAAT	19	4	1.0119041910538698	0.016069785194088998
TCATCAGTCAAT	19	4	0.870202418840243	-0.20248939777355418
GCGTCTGACAAT	19	4	1.0316639614028038	0.043319489061240876
TATCGGGAGGTT	19	4	1.033169421728094	0.045454675636134347
GCTGCCTTGATC	19	4	1.0296670395868195	0.04188791201055747
TATGAGCTAGTA	19	4	1.0001564527451068	-0.001366688035561052
TGGCTACAGCGC	19	4	0.9958318504730341	-0.006585225192426887
AAACGGGAATTC	19	4	1.0308150973610524	0.042867567954176525
CCGCTAAACCAT	19	4	0.92798937168976	-0.10913647565074236
CCATACCAGTCC	19	4	1.0338284355336087	0.04697719507629824
GGAGTAAGACGT	19	4	0.9080760665929997	-0.14172102199458878
ACTACGAGATGC	19	4	1.0048164944662652	0.005836264108157338
CAGTTCATTCAA	19	4	0.9811556479773391	-0.02847788812340455
ACAACATCGCGT	19	4	0.9076408684511753	-0.1403066500988886
TCCTAAAACGAA	19	4	0.9260909430487633	-0.11269063514234452
ACTCGACATCGC	19	4	1.0947962128529467	0.12920391018464772
GGCACACAAGAT	19	4	0.9694914514608243	-0.04716822386246755
CTGGTAAGCATA	19	4	0.9071174076702311	-0.14149287329655114
CTTGGTCCTGAA	19	4	1.0979072290236336	0.1340766101820374
GCCGTCTATAGA	19	4	0.9631709882919414	-0.055849902620889666
AGGCATTAACGT	19	4	0.9599212637703323	-0.059933355742957814
CTGACCTCCGTT	19	4	1.0876978289599677	0.12085899712722392
GAGACATTGGGA	19	4	0.9814918772281974	-0.028441553395279588
ACCTTGGAAAGC	19	4	1.0512200510065641	0.07149350600163447
ACTTCTGATCCA	19	4	0.9537082464393517	-0.06953638170564283
AACTCTATTCAC	19	4	0.9596717040511926	-0.060156213483809944
GACCATTCTTGC	19	4	1.0637117072484674	0.08788197513768005
GCGTCTGCCTCA	20	4	1.1027598628265591	0.13980073922845757
CGTGTGTGTCCA	20	4	0.9972967216031168	-0.004593985638423281
CTTCAAGCTCGA	20	4	1.014226825901509	0.019445018736998193
ATCTCACTGGAA	20	4	1.072250535513587	0.09361333975494206
GGAAAAACGTAA	20	4	0.9435383865055659	-0.08451628285616436
CGCACAAGCTCA	20	4	1.0627408528476712	0.08370379186721533
CCGTTCTGGCAC	20	4	1.0078273591270341	0.010054689860096291
GTTCTGCACAAT	20	4	1.054578782131334	0.07604547360891856
CAAGGACAAGTC	20	4	1.0111845820247585	0.015083296032111837
GAGTTATCGATA	20	4	0.9410891461691929	-0.08960890051612799
TTATGAGGAAGC	20	4	0.970705382581621	-0.043556214096962045
ACAGTCCTAGAA	20	4	0.9880756249363211	-0.017870818477934303
CGCTGTAAGGGT	20	4	1.0705163146871308	0.09756541745642384
TTAGAACTCATC	20	4	0.9427135538783324	-0.08605702650032708
CATTGAACACAC	20	4	0.970018681515286	-0.04452637161098751
TAGAAGTCCGTA	20	4	0.9279198517523741	-0.10925707476731551
AAGTACGTGATC	20	4	0.8517238305409014	-0.23226853220394758
ACTCAAGGTGTA	20	4	0.9545239278740372	-0.0687989146524765
CTGGATTAACTC	20	4	0.9312116995188213	-0.104348793260033
ACTGGCAAGGTT	20	4	0.9615661581951442	-0.056992759581503724
TTTGGAACGCAC	20	4	0.9627551495991806	-0.05668707392329182
CTCCGAAAGGTA	20	4	0.9935113333452211	-0.013453225867480972
TTTCGGTGTAAT	20	4	0.9708273834047944	-0.044390058401201735
ATTGGCTAAGCC	20	4	0.9991133403706719	-0.0017284921285415158
ACTATAGACCGT	20	4	0.8783030898137081	-0.18874472239451445
TATATGAAGTGA	20	4	0.9360982260654134	-0.09642134390078749
GAAACTGCCGTC	20	4	1.0329315753798134	0.04479155839896037
CCGTGGTACACC	20	4	1.0262671332977464	0.03644464794058396
CAGGTGGCAAAA	20	4	1.0539931274581493	0.07433504080042559
CTGCCACTTAGA	20	4	1.066234433243969	0.09139968730677198
CAGCGCTATGAC	20	4	1.0199947966122487	0.02818452793660061
TGGAGACTAACC	20	4	0.9707713536965803	-0.04443118290455289
GACAACACCAAT	20	4	0.982747634953129	-0.026518949600191355
TTATCCATGTGA	20	4	0.7919220056400779	-0.3399456928513304
TCACCGTAGACC	20	4	1.0789179940191724	0.10880629711603484
CTTCTACTCATT	20	4	0.9558299806239372	-0.06578618861216755
ATTCTATCAGCA	20	4	0.9175382877135524	-0.12589295767170922
AACTCTGGTATA	20	4	0.9072162279707632	-0.14165398542456795
ACCGGAACGCTT	20	4	1.0242565411412108	0.03360168222470193
TCATCTGGTGTA	20	4	0.9253197035298767	-0.11442898274146385
TATCGCTAGAAC	20	4	1.0178434626836552	0.02438265562793969
CCATCGACCGAC	20	4	1.104211470609467	0.14227044893318527
GCGACTGTGCGT	20	4	1.0168933106527454	0.0231793244909898
GCAGCGTTAAAC	20	4	0.9798700717413369	-0.030837143594335772
ACGCCATCGCCA	20	4	1.058025219028719	0.08099394439177551
GATCTATGTGAC	20	4	0.9858019461173546	-0.0226116554499768
GCCAGACAGATT	20	4	1.1389104674031967	0.1867102789609158
GAAGGTATCGAC	20	4	0.9996661177632505	-0.0022438516021842346
GGAAGAATCTCA	20	4	1.14002350041803	0.182040058755724
CGTGGAAGACGC	20	4	0.9441869699343732	-0.08537473174025904
CAGGTGCGAGGT	21	4	1.0362972267913497	0.0498536633110152
AAGGGCCATCGC	21	4	1.1289509290236621	0.17358538295813714
GGAAATAGAACC	21	4	1.0490270694077704	0.06863759781544505
CAGCACTCACTC	21	4	1.020526929735752	0.028762904768558126
ACTCAGGTGGGT	21	4	1.136354500090892	0.1829471667828601
ACCGCAGATTCC	21	4	1.0759923530885342	0.10473875401251047
ACGGATCAGCTA	21	4	0.9869898382389293	-0.020350638536667867
TTAGCACATGGA	21	4	0.8459723996990007	-0.24411447233843642
CGTGTAAAGGGT	21	4	0.9771190939003283	-0.03373735909911292
CTAACTCAAACC	21	4	0.8215880250036368	-0.28853058755985894
GTTCCATCTCTA	21	4	0.9861311026188412	-0.021235725501526317
AGATAAAGGGCC	21	4	1.0452975811647778	0.0632883151595714
CGTACAAGCGAC	21	4	0.9324422813600497	-0.10253222548111009
GGAGCATCATTA	21	4	0.9585974310888709	-0.06253953668939195
ATGGGGCGGGAA	21	4	1.0414118677806374	0.05658503320400321
ACGACAAGAGCA	21	4	1.0252403915932051	0.034826811615187886
AGACCAGCGACC	21	4	1.0756442339990269	0.1036230331759533
GCTGTGTCCTAT	21	4	1.075271412619151	0.10374282563462017
ATCGTCTAGACC	21	4	0.9325367382403719	-0.10205171518218906
CTAGTAGACATC	21	4	0.9622319230731775	-0.05674661412781605
TACTCATCACAA	21	4	0.9125753395811566	-0.1329371670125473
GGATAAATCTGC	21	4	0.9035008092943783	-0.14942101177454245
ATCCTTAAACGT	21	4	0.8984111109632704	-0.15659984790640788
CCATCTCTGAAT	21	4	1.039930307749142	0.05586433369391543
CCACGGTGCCTC	21	4	1.0011279902167196	-0.002113025112676817
GCACACAACGCC	21	4	1.043236994084502	0.06022484238728857
ACCCAAAAACAC	21	4	0.917481050751985	-0.12500541966993398
GTCGGACACATA	21	4	1.012113921176224	0.016201254300475226
GGCCAAGGACGT	21	4	0.9623497934710897	-0.058486600667818384
TCAGGAGGATAT	21	4	0.9820377547343005	-0.027475740237368478
TAGAATCGGACC	21	4	0.9871669449915105	-0.019905716990130145
GCGTGAACCGCC	21	4	1.1120235143184087	0.15039022959760473
GATGGACGCGTA	21	4	0.894725352041796	-0.16389031363993806
CACCGGCTGTGC	21	4	1.0922644807767201	0.1253248267804128
AAGAGATCTGTA	21	4	0.8878390135433749	-0.17312033278127067
AGCATCTGACTA	21	4	0.878137985564753	-0.18888412546715505
TCAAATCGGCAT	21	4	0.9610889479628217	-0.05800329997631449
GTTAAAGGGCTT	21	4	0.895131595038641	-0.16525863410924602
CTGAAGCCTAAA	21	4	0.9167246577618366	-0.12817818110045973
TATGAGGACAGC	21	4	1.0110253022144122	0.014529793061140241
CTCAGTTCCTAA	21	4	1.0222806888770655	0.030653653348572275
CTCCGTCCAAAC	21	4	0.9830914604632515	-0.02537981592332401
GTTAGTCATCGC	21	4	1.1058098475517517	0.14389036975821617
GCCTCATCAGTC	21	4	1.0727181501256315	0.1000741460135412
ACAGTTGTGTTC	21	4	1.0364221664640396	0.05103279063159559
GGCATGCTATGC	21	4	1.049562798420705	0.06866891825258235
AGATAGCACTTC	21	4	1.0292027960310162	0.040812042015955605
TAGCTGACAGCA	21	4	0.950627236732863	-0.07434663776046031
TCCAGGCAAGTA	21	4	1.0010510209385524	-0.0005974540085360441
TCACTGCCTGGT	21	4	1.0630379994178216	0.08722193871802358
ATGAATGTGAAC	22	4	0.9202934285370562	-0.12161241324043187
CAGATGAGTGAC	22	4	1.0086383955385385	0.010843061007059285
AGACGGTGCAGA	22	4	0.9917345919534223	-0.013116972373763483
TCATCTTTTGAC	22	4	0.9333044412957541	-0.10130114813484851
GTCGGATGACTA	22	4	0.9684524239607893	-0.04804086407001003
ACACACTCAAAC	22	4	0.9092478970286241	-0.1380808626448356
AGGCGGGATAGC	22	4	1.1162001189554887	0.15832142864072635
GGTTTACGAGAT	22	4	1.0626501252267901	0.08730070323508461
GTTTTGGAATTC	22	4	1.0473418235802334	0.06605955338383901
GTTACTGTGCCA	22	4	0.9442801997026117	-0.08396705251876667
ACCATAACGGAC	22	4	0.8686383275984755	-0.20559339124649062
GGCGGGACTGCC	22	4	1.0059503623573056	0.0034945689946224365
CCACATCTCTTT	22	4	1.0333133783110964	0.0466450577908585
CTACGAGAACTC	22	4	1.0083982044064792	0.009973669713834973
CGTACGTACTCC	22	4	1.0031093147376486	0.0031107947393603144
GCCACAGATAAT	22	4	1.0076546566953744	0.010470144439235453
CCGAAGCTAGAA	22	4	0.929738617152673	-0.1069457170068936
CAAGTCTAGTTT	22	4	1.0517952694823367	0.07196713102171665
ATTACTCCGTCC	22	4	1.0210053408878679	0.028682785098530644
CCAGGAGTAGTA	22	4	1.0161313393664904	0.022146404051215575
CAACACAACAGA	22	4	0.9432571986068693	-0.08569221405070127
GATGTGCCATAA	22	4	0.8947481540687853	-0.16263427592855173
GACCAGGGTAGA	22	4	1.1068747397473127	0.14528175746254673
AAGTGGGTCCGT	22	4	0.9851223023842635	-0.02308074032509285
GGATAACTGAAC	22	4	0.9634366109430668	-0.05490536392849432
CTCTATAACTGC	22	4	0.8684484914205034	-0.20548861103388577
CTAGGAGTGCTT	22	4	1.062816926480767	0.08659826012672495
GGCCACATTCAC	22	4	1.0261244836977974	0.03624732961085761
TATGACAGCTGC	22	4	1.0021156031913727	0.0026258788364632926
AGGCAAGGAACC	22	4	0.9986120270565211	-0.0030953658265743395
ACCGATTGGCAT	22	4	0.9805337260672031	-0.029682454796798832
AAAGCACAGCAT	22	4	0.9059314813676875	-0.14342647260391295
TCAAGGGTGACA	22	4	0.9385121131342513	-0.09339256730954297
GGAGTGATCGTC	22	4	0.9497200060891974	-0.07567761107733095
GAGTTTGAAGGT	22	4	1.049022380252953	0.0676232772781421
CTCCGGAGCAGC	22	4	1.0147582609377028	0.020570713028944802
TCCATCACATTT	22	4	1.0008321361066637	0.0006681353956120243
ACTATGATAGAC	22	4	0.8985306146400668	-0.1555700047702412
TTTCGTCTGGTA	22	4	0.881255315506363	-0.18335658039089836
GAGATCACCATC	22	4	0.9914756898255995	-0.014649189414005868
CTCACTAGCGAA	22	4	0.9907909338038368	-0.01494133077192367
CACGTCCGTCGA	22	4	1.0774021285289972	0.10606765304452054
GTTCCAAGATGC	22	4	1.0315591354444174	0.04394513825356535
AACGCCAACTCC	22	4	0.9348727094601516	-0.0986859377032279
AAATTCACGCGC	22	4	1.0221548897745962	0.03061862979327016
GTGCGTACTGGT	22	4	0.9988889693526437	-0.0023032503189619677
GCAAGTGCTGAT	22	4	1.0360961949471175	0.05002436683011354
CCACAGAGCGGT	22	4	1.085372217561614	0.11675387305165776
ATCAGTGGCATT	22	4	0.9467335214875658	-0.08103099900972738
CAGCTACCCATA	22	4	0.9974099817720966	-0.004722493835174327
GGTAACACTTGC	23	4	1.041693351947741	0.05785999272068539
AGGTACGCTTAT	23	4	0.9707611055447936	-0.04388439959093242
AAAAGTCCTGTC	23	4	1.0039550269931936	0.0038787341669086067
ATCAACGATCGC	23	4	0.8965910205802708	-0.15870675358495176
TACTCAATAAGC	23	4	0.9899972694740321	-0.015407165609658598
AGCAATGACATA	23	4	0.9389987553044878	-0.09184255788997082
CCGTACAGTTCC	23	4	1.0042655323793905	0.005272192247805202
CGCCAGGACAAA	23	4	1.0838827482421278	0.11360909879786249
GAGCTAAACAGC	23	4	0.9525384844517507	-0.07342288221878829
GCGAAAGCAAAA	23	4	1.0440044317979362	0.061187318506381816
GAAGATGCTCGA	23	4	1.0365049766144665	0.050621281028589246
GAAAGAGCGTAC	23	4	1.0195199428256763	0.027273189584693564
AGACACTTGGTT	23	4	0.9776264278796947	-0.033206157588383724
CGTTATAGGTAA	23	4	0.9914775187809762	-0.01377185575406071
CCAACGTAACGT	23	4	0.945300460673896	-0.08199349177440443
TAGTATTCTACC	23	4	0.8523323555136721	-0.231775313727418
GTTAGTACCGCC	23	4	1.0983599273322537	0.13490553291351332
TTTCAGCTGATT	23	4	1.0670661547171403	0.09269684683005142
GCAGGAGAGAGC	23	4	1.103863735526413	0.14080530536958094
ACTCGAATAAGC	23	4	1.0452841316172372	0.06273698918526452
ACCGTATTGTAA	23	4	0.9248462158755828	-0.113204525646465
AAGTACGCCTTA	23	4	0.9078301338374153	-0.14013253211083687
CACGCCGTCTAT	23	4	1.0227897481135522	0.030450204043209403
ATGTAGTGACAT	23	4	0.780910749816705	-0.35902848847355384
GCACCGGAGCAC	23	4	1.0889925082179697	0.12025901581924658
CACTCCAGTGAT	23	4	0.9635706748701827	-0.05608196951370613
TTACGGCATTGA	23	4	0.9556641780264438	-0.06643726251550522
GAGGTATACTCA	23	4	0.9330183964041475	-0.10167444212517418
ACATTTCACCAT	23	4	0.9522308797102303	-0.07171910388735615
GTGCCCACTAAT	23	4	0.9921334608104961	-0.012341608935755824
GCAGAGCACGTT	23	4	1.1081552948945954	0.1477737770064353
GGAACACCTTGA	23	4	0.9803208317079509	-0.03127172167532048
TTTAGTCTTGAC	23	4	1.003990508744916	0.0043597908215525435
CGCGTCTAGTCA	23	4	1.096727341805829	0.13229480483731937
TAGATGCGGAAA	23	4	1.0019096339716593	0.0006515941505273772
AAGAAGATCACC	23	4	0.8779805882620229	-0.1906452900469168
ATCTAAAAACCA	23	4	0.8354986398263314	-0.25966273821687064
GGATTAAGGTTA	23	4	0.9431720240630406	-0.08553478586576944
CTGCGCATCTTT	23	4	0.9927480400686677	-0.010969739424315249
GGTCCTTATCGC	23	4	1.0565253207797594	0.07801727163696576
ATTTTAGTCTCC	23	4	0.9776808621274772	-0.03317234819529858
TTTGAAACCTAT	23	4	0.943792454384554	-0.0841154297414409
AATTTTGACACA	23	4	0.9305171791221071	-0.10477570348706004
CAGTCAAAGCGC	23	4	1.0557476570635587	0.07710087795471457
ATAAGGTGTGAT	23	4	0.9040937696473842	-0.14751599356184414
AAATTCTGGGGA	23	4	0.9627369301179052	-0.055487017149719806
GCACTAAAACCA	23	4	0.8628717301956319	-0.21322050817716087
CACTATATCTAA	23	4	0.9029403341731423	-0.14803395965218089
ATCGGCTACTGC	23	4	0.9563008710037294	-0.06515439513694714
AACAGCATCAGC	23	4	0.9574096473295718	-0.06387823034981235
GCTCGATCGCTT	24	4	1.1299065521507612	0.17495655492190768
GATAATCTCATT	24	4	0.9729162742192478	-0.040175427216183994
AAAGATAGACAT	24	4	0.9203888267953966	-0.12023539545989359
CTATACGCAGCC	24	4	0.9742424755352747	-0.03953885645693438
CCTGTGCAACGT	24	4	1.0195291156780706	0.02608687848823399
GGTCTGAGACAC	24	4	1.0453841895913492	0.06265178725240904
CAGACAAGAAAA	24	4	0.9625747941749541	-0.056376858558607745
ATCGCATATCGA	24	4	0.9735564876896691	-0.040086856081804054
CTGCGTGAGATC	24	4	0.9952119277687309	-0.008825844803440789
CGCTATGAATCC	24	4	1.0512751511844451	0.07169854726705092
AGCTGCCACCAT	24	4	0.9804768701151378	-0.029560767257966025
ACTCTAGTAGCC	24	4	0.9119804761673187	-0.1342874314173324
CATCGTAGTGCA	24	4	0.9542520986440511	-0.06851323317076864
ATACGAGTGACA	24	4	0.9855060888858305	-0.02220382251127387
TCAACGTTCTAA	24	4	0.8777174928309495	-0.18906340807608843
ATCTATGAGGAC	24	4	0.8044233319462102	-0.31604474847927994
GAGATCACTCGA	24	4	1.0466906985679587	0.06421859237674443
CCGCAGAAGGTT	24	4	1.0611954506164547	0.0837660087421413
TAAGCGTATAAT	24	4	0.9625548660044588	-0.05686998826250577
AACCAGCCTAAA	24	4	0.9601088822113188	-0.06015925256172036
CTGTACCGATAT	24	4	0.9848811573314905	-0.02251271012968962
ACTATTCAACAC	24	4	0.9357604466147097	-0.09638667078616969
ATATTGAGACTA	24	4	0.9052728500704034	-0.14537301408227926
TAGGACCAGGGT	24	4	1.0132970595682653	0.01851813906194378
GACAAATTAGAA	24	4	0.9570451039883726	-0.06455502228098936
CACCTTAGGTTC	24	4	1.038573191787381	0.05405623157500901
AGGACACTCAAA	24	4	0.8820142500934881	-0.18173500363445738
ATGCCACGGGAC	24	4	0.9170557040010121	-0.12682352737828279
AGATGTTCTAGC	24	4	0.9542225712048669	-0.0699864714548226
CTGCGGAGGATT	24	4	1.1013592184422134	0.13906257596589625
CGTAGGACACCA	24	4	0.8832676080688124	-0.18098226031681075
CCCAGAGTGACC	24	4	1.0683659121978195	0.09415102680407667
CTGGCACGGACC	24	4	0.99450743698353	-0.00888831308818499
GGAGGTTAGGTT	24	4	1.0161836426335464	0.022161371994288713
CGCCACCTAGAT	24	4	1.021261558900219	0.030038775840129383
CCAAAGATCTCA	24	4	1.114578157155756	0.14975707662295581
GGATAAATTCTA	24	4	0.9269194155751495	-0.10970117963045975
TAACTGACGTCC	24	4	0.9461132879965368	-0.08044012649637973
TCACGAAACAAC	24	4	0.9314386383885381	-0.10323687133337148
GGTATTTTGTCC	24	4	0.962897722917315	-0.05617188737646104
GACAGTTATGCC	24	4	1.0227264603804385	0.03145860201361987
TCAATCGCTACC	24	4	1.0305938784827782	0.04275713001136041
CGCGCAGACCAC	24	4	1.1002729912770524	0.1361783770934434
GGTGAGCTGCCA	24	4	1.151686006877688	0.20193289196946837
CTATACGGCACA	24	4	0.9587905194624211	-0.0627708621446732
GGATCAAGCCAC	24	4	0.96665165000242	-0.04993082809011086
GAATGTGCCCAC	24	4	1.0200234370782586	0.026931414079168183
CCAGTGTCTCAA	24	4	1.00772733850742	0.00766753747324006
ATCGGTACCAAC	24	4	1.0012191772296837	0.0003724385217927194
ACTATGGGTCAA	24	4	0.9837981681478342	-0.025533752854715534
AGCGTCTGAAAC	25	4	0.9812373362404627	-0.028194179913930043
GATGAGGACTCA	25	4	1.051464627352828	0.07201811839393855
TATTGTCTCATA	25	4	0.9769627034825767	-0.03488124675150529
TAGCGAGGTTAA	25	4	0.9250095602101127	-0.11560541156494807
CTATTCTACCAT	25	4	0.9017096469736718	-0.15128927591942792
ACCGTGCGTCAT	25	4	0.9873985021067032	-0.019072761650369648
TAATGCGAGCTA	25	4	0.991568110138879	-0.015803416542152227
GTGTAGTGCGAC	25	4	0.9046389444769904	-0.14916067739046757
CACGGGGTCATT	25	4	1.0553592681548825	0.07656859469677074
AGAGACGTCCGT	25	4	0.9664456959969335	-0.050858654493939996
ATTCTTGGAGGT	25	4	0.9572608462171871	-0.06408897689944715
TTGTGTAGCTCA	25	4	0.9718689181446073	-0.04478556479001669
GGTTTACTCTGA	25	4	1.0070298803093907	0.009641862235612688
CTGAGATCCTGC	25	4	1.1140654836037795	0.15472128767540994
AGCAAAGTTAGA	25	4	1.0119364056070967	0.015236753656446327
CGTGTGCGCAAT	25	4	1.0365052341316825	0.050650059683350235
CTGTTGACGTTC	25	4	1.0201558971325924	0.02781918202411052
ACTTTTAGGTTA	25	4	0.9983078744542668	-0.003596412977985443
ATCGATCACGTC	25	4	0.9972815224872471	-0.005061836496093007
GTGGGTCAAGAT	25	4	1.046925855451339	0.06461178661296058
CTCTTGTGGCAT	25	4	0.9628277656784605	-0.05567511366265323
TAATGCGCAGAA	25	4	1.005436681947444	0.006674266818478053
AGCAAAAGATTA	25	4	0.956552758060576	-0.06445606780516255
CCGAAATCTCAA	25	4	1.0225409315526164	0.02906221179937612
CATTCAGACGCC	25	4	1.012900553553011	0.017332623130044633
ACCACTCCAGCC	25	4	1.0606753095965475	0.08405795860806278
TAGCTGATGGAC	25	4	0.8434752262981077	-0.2483060914135184
GCTATCTGTGCC	25	4	1.0252312797652248	0.03514474138546311
TTGGCCTCAAGC	25	4	0.987415618619411	-0.019091145378766182
AAAGGTTGATAC	25	4	0.9741337916024314	-0.03845879375355685
TATAGGACGCTT	25	4	1.0479939888902678	0.06626746688901648
ACTGATATCTGA	25	4	0.9588111217103649	-0.061581394600636025
TCACTACGGAAC	25	4	1.0035607800812232	0.003984211427638322
GATAAAGAGAGC	25	4	1.040027268682243	0.055836870601233525
TAGACAGCATAA	25	4	0.9417869448816026	-0.08748460875981218
ACAGCGGTGAGC	25	4	1.0381812243315358	0.05358366882841565
ATGATATGCACA	25	4	0.8286704928762634	-0.2728574582952522
CAGTGGTAACGC	25	4	0.9647751364574204	-0.052575615044141696
CAGGAAACTGAC	25	4	1.0003483627235419	0.00018056595534257343
ACCGAGGCTACC	25	4	1.0895348752213836	0.12288301946406663
GGCTGATCGCAC	25	4	1.0861332364265304	0.11806274870342867
CACTTGCATCAT	25	4	0.895452378933823	-0.16073678959434964
AATATCACTTTT	25	4	0.8611992028993509	-0.21716609265493278
AAGTTACACGAT	25	4	0.9237755225338345	-0.11461280441141461
GAATCCACATGA	25	4	1.041138239826343	0.05671031332946709
CACTAAGCCTCA	25	4	1.0076084504467644	0.010117066976352493
GACAGAATTTCC	25	4	1.0621699705203824	0.08480062484110218
GGCTGTGGCGAA	25	4	1.0887148528135735	0.12111001085444276
ATTGTAATACCA	25	4	0.8845118728284578	-0.1778937491432151
CGCTTATATTCC	25	4	1.0379610748843344	0.05250944553641722
CCATGGTTATCC	26	4	0.8384426955133304	-0.257510402807275
TACCTTGATCAT	26	4	0.9309610731066105	-0.1046464788325148
TGGAACAACTCA	26	4	0.9470405994462795	-0.08046980764377736
CTACTGACAGAA	26	4	0.9574643967297883	-0.06399875702075404
CACTCACGCTGC	26	4	1.0890374999514512	0.12259904508772806
TTTCTTTAGTTT	26	4	0.9738627576546622	-0.03895685297147006
CCTGTCAATTTT	26	4	0.9780047269891894	-0.03289996188860313
AACGCAGAGGTA	26	4	0.9058747932797178	-0.1446452091224712
TAATGCTGGGAT	26	4	0.9937918147875708	-0.009803436119267152
CATCATTCTGTC	26	4	0.9059477977181343	-0.1444628319977579
GGAGGTGCGCAT	26	4	1.0125093698541037	0.016799180063251852
ATCGTTAAGCAC	26	4	0.9483239676965237	-0.07786440343366233
AAGTGGTGCGTT	26	4	0.9988552062278613	-0.004350610226687486
ATCTACTTCTAT	26	4	0.8837493884378377	-0.17917240614705898
CCTAAATTAGTT	26	4	1.0052867381245432	0.005896081616160644
AAAGTTACGGGA	26	4	0.9216893407082626	-0.1193514345507155
ATCACATCACTA	26	4	0.8799081125094108	-0.1857025236918843
ACTAGCTGGATT	26	4	0.9789544355904871	-0.031413150034328985
TAGGATTATGAC	26	4	0.9741521411043026	-0.038384177010223126
TATCGAACTATA	26	4	0.885644425110717	-0.17678166504896464
TGGCTAGTCTAC	26	4	0.9534769550498563	-0.06951290725582558
AGGATAGCGTCC	26	4	1.0635489181227005	0.08775929409777833
TAGATACAGCTA	26	4	0.9693066188445802	-0.046000560863302786
AAAATACCACTC	26	4	0.9829154232950371	-0.025316010170535627
CTCCATGGACGC	26	4	1.0255315392762454	0.03573504078161217
GCGAGATGAGTA	26	4	1.0291736320649212	0.03998964474212826
TAGGAAAGATTT	26	4	1.046398266592552	0.06478398886270326
ATCGCTGTGTTT	26	4	1.0015124586467024	7.201489197649832e-05
CTATATATGCGC	26	4	0.9135396584438242	-0.13130698379490985
GAGGACGCTGTA	26	4	0.9349809663258034	-0.0987901473500062
ATGCCTTGAAAC	26	4	0.8990073732829266	-0.15466533563265875
TTACGGGGCATA	26	4	0.9401691809164286	-0.09039229775219373
ATTCACTAACGC	26	4	0.9756589118093499	-0.036186484992624876
GTTCTAGCACGT	26	4	0.9384320429338121	-0.0929700339104994
TAAGTACAGTTC	26	4	0.9432931313852365	-0.08522097320325875
CATCTGTAGAAA	26	4	1.0371448908173655	0.05072001662958876
CAGATGGACAAC	26	4	1.0287260495180681	0.040070054316142883
AGAATCGGGACC	26	4	1.006781636830336	0.009037283909668618
AATAGATGTCCA	26	4	0.8627862832243879	-0.21373989892299133
GTCCAGTGGGTC	26	4	1.0833746552011576	0.11484428492597398
CTGGGATACTAT	26	4	0.9090614741070945	-0.13846437160700006
ATGCTCTACTCA	26	4	0.9336049446455245	-0.10007899638528706
CAGGGCAAAGCA	26	4	0.9713815162557259	-0.04312649866234336
GAGGATCACAGA	26	4	0.9501995187035851	-0.07507213998630463
TAAGAATAGCTA	26	4	0.9135819600734568	-0.13091611070370612
ATCTGAACCGAT	26	4	1.0645842175284974	0.08947887289577307
TATAGCAGTGAA	26	4	0.912334685989924	-0.134858752660185
GCGCTAAGAAGA	26	4	0.9530841937421625	-0.07160458418035814
ATTGGGGCATAA	26	4	1.0482188338612497	0.06692261299953843
TTGACGTACATT	26	4	0.8898039908225116	-0.1693907026274179
GCTCTAATGCGC	27	4	0.9334939875931428	-0.1008457817333066
CAAGATAACAAC	27	4	0.8891738518790525	-0.1711516645785451
CACGGGAACCAT	27	4	0.9421301625612526	-0.08724588501903255
GGATAATCTGGA	27	4	0.9699822178800189	-0.04452591210394019
ACTCGTTAAGTC	27	4	0.9982918683327322	-0.00364159564030476
CAGTACCAGACA	27	4	0.9379418923369103	-0.09436105910828974
CCATAATCCAAC	27	4	0.9447541711586687	-0.08231822371020064
ATGCACCTGCGT	27	4	0.9211303053027852	-0.11947616145848705
CACACGGATGGA	27	4	0.9172501420730987	-0.12776884854013087
CCAGAAAGCGTA	27	4	0.9534553286488172	-0.07068404908354618
AGCAAGTGCTGC	27	4	0.9666423111563514	-0.05212075940131569
TAAGATCACATT	27	4	0.9593977628735769	-0.06046062501004106
GATATCTAAGTC	27	4	0.9844905187448034	-0.02363995605816675
ATGGCCATAAGA	27	4	0.9929062483961811	-0.011217120056163082
TGGAACCGAGTA	27	5	0.9423871215581728	-0.08669529811888567
ATCTACAGTTTA	27	4	0.8851241879529198	-0.17748059155599227
ATCTCCAACGTC	27	4	0.8820844799601147	-0.18727760739564836
TATTGATCAACC	27	4	1.0021776295760216	0.002640039223342958
ACTGATGATAGA	27	4	0.9655257558060051	-0.051640164702560935
AAACAGTTATAT	27	4	0.8740928578704185	-0.19507792317150757
GTTAAGGATTTA	27	4	0.9878749772867895	-0.01853534366486733
CGTAGGGTAACC	27	4	0.9335037891733196	-0.10194020254688059
ACACTTCTTCCA	27	4	0.9760069748475713	-0.035984552201293867
CTCCGTCTTGGT	27	4	1.035093756741694	0.04891709450726742
GAGCATTGGGTA	27	4	1.027183765364179	0.03735792521906482
ATATATCCTCAA	27	4	0.9294463638646414	-0.10596202144772966
CCCACAACGCAT	27	4	1.0884935044079085	0.12032273170806229
CTATCCTCATTC	27	4	1.0313610899979728	0.041419515060309
TTGGTGGGATTA	27	4	0.9010165466815568	-0.1511973153283763
AGCATACTTCTA	27	4	0.9206591062982895	-0.11981428973585535
ACAGGCTGACAT	27	4	0.9452768211803825	-0.08319484500167165
GATGGTCTTCCA	27	4	1.013508230002201	0.018142572278306523
GTGCTGGATAGA	27	4	1.0420313715058456	0.05860496801923849
ATAAGTTAGAAT	27	4	0.971128189064339	-0.04340429829362429
ATCTGCGTTGAT	27	4	0.9797390563834111	-0.03315812366103048
AGACAATTCACC	27	4	0.9390703592082373	-0.09188612409277055
CTAATGCTATAT	27	4	0.994744568255028	-0.00924490184454882
CATCGAACGCGT	27	4	1.0968613476184366	0.13216450370808577
CATAATACGACC	27	4	1.0241324758538621	0.033586873847087466
AAGCCATCTCAC	27	4	0.9977429588976116	-0.006276722276090843
ACTGGAAACCTC	27	4	0.9138040948721634	-0.13146985424648272
CGCAGGACTAGA	27	4	1.042564538970212	0.058756006425630385
TTGACCAAGATA	27	4	0.9008295492491208	-0.15147705080939322
GCTATCACAACC	27	4	0.9907655320825598	-0.014353395557103292
CGCGTGAAGAAA	27	4	1.0077050903425235	0.00914359995974165
AACCCTAGACAA	27	4	0.9100449464754575	-0.13697506867210862
GAAATGCGCAGA	27	4	1.0539847089550913	0.07466128025968441
GATCTCCTAGAC	27	4	0.9645643637632293	-0.05273812494069638
ACACAGTATGTC	27	4	0.960930127551764	-0.05925790173094718
GCGTGCGAGATC	27	4	1.048938498764483	0.06633624940053601
